S00E00004564676541492E7372656317
S3150000000020050020B127000045260000BB27000080
S31500000010BB270000BB270000BB270000BB27000052
S31500000020000000000000000000000000CD100000ED
S31500000030BB27000000000000E51000004D11000085
S31500000040E11E000005200000F5230000D91A00007B
S31100000050091A0000611B0000AD1B000037
S3150000005CF4060020F8060020400700204407002084
S3150000006C0000002008000020FFFFFFFF000000003A
S3150000007CB49A00000000000000000000030000001D
S3150000008C0000000010230000A49D0000A400002026
S3150000009CC40E0020CC0E0020F40E0020900F002081
S315000000AC0000000000000000400035000050002851
S315000000BCC3E3000080400050FF38FED4FE70FE0CF7
S315000000CCFDA8FD44FCE00052026700CD0334230377
S315000000DCA34300000649064A064B064C064D064E3F
S315000000EC069706D70657064E064D064C064B064A8D
S315000000FC8659000080000000400200005C000020D1
S3150000010C500200005E00002060020000600000202B
S3150000011C6804000062000020970400000000000044
S3150000012C0000000080000000401000006600002067
S3150000013C5008000076000020600400007E000020BD
S3150000014C68200000820000209720000000000000BC
S3090000015C0700000092
S3150000016088B040F6180A40F2505B40F23C5840F224
S31500000170545940F268569FED408A9FED409A9FED94
S3150000018040AA9FED3CBAC2F2000A05ACC2F2000BCF
S31500000190C2F20008C2F20009C2F2000601AD00BFB9
S315000001A0DAF8000021464FF0FF3202F0CDFF0128B9
S315000001B0F6D19BF800009DED051A9DED060A08EBA9
S315000001C0800181ED001A09EB8001013081ED000A02
S315000001D0C1B2042988BF002032688BF80000511C88
S315000001E031600AB30529084628BF0520B0EE4B1A30
S315000001F0B0EE4B0A81B141464A460346B0EE4B0A81
S31500000200B0EE4B1AB1EC012AB2EC013A31EE021A09
S3150000021030EE030A013BF5D102EE100AB8EE422A8F
S3150000022081EE021A80EE020A8DED051A8DED060AA0
S3150000023020EE080A21EE091A31EE000A30EE0A0A0B
S31500000240B5EE400A2046F1EE10FA48BFB0EE4B0A72
S3150000025090E88C00294640F6B4008CC1C2F200003A
S31500000260006829460A2200238DED040A02F060FC8C
S3150000027096E700BF00000000522B75C0F3B22A3F7C
S3150000028030E77BC3022818BF704740F28C7049F6EE
S31500000290E041C2F20000C0F2000101F03CBF80B5AF
S315000002A082B040F60010C2F20000006801A902F018
S315000002B0C8FE019850B14EF60450CEF200004FF041
S315000002C080510160BFF34F8FBFF36F8F02B080BDC7
S315000002D080B582B040F60010C2F20000006801A9A5
S315000002E002F0AFFE019850B14EF60450CEF2000077
S315000002F04FF080510160BFF34F8FBFF36F8F02B095
S3150000030080BDD4D42DE9F04383B049F64C50C0F2F9
S3150000031000008768D0E900413A682046904728B136
S31500000320002003B0BDE8F04303F063B940F26C551A
S3150000033040F28C5640F61809C2F20005C2F20006D9
S31500000340C2F20009E84600BF796820468847F8B936
S315000003504FF4FA6003F0E6FAF96820468847B8B920
S315000003603A6920462946904790B9BB6920462946F6
S315000003703246984760B9706DD6E912120023CDE96E
S315000003800002D9F80000029141460A2202F0D0FB91
S31500000390642003F0C7FAD7E70079022818BF704730
S315000003A080B582B040F2EC50C2F200000021006835
S315000003B0019101A902F045FE019850B14EF6045094
S315000003C0CEF200004FF080510160BFF34F8FBFF3B4
S315000003D06F8F02B0BDE880407047D4D42DE9F04F4E
S315000003E081B02DED068BCCB040F2F0530327C2F25C
S315000003F00003012000210022009702F026FB40F2B4
S31500000400EC51C2F20001086041F2540049F68051F5
S31500000410C2F20000C0F2000101F02EF940B1002046
S315000004204CB0BDEC068B01B0BDE8F04F03F0E1B86F
S3150000043040F6B40B49F2187841F25409C2F2000BA7
S315000004400DF5907AC0F2000808AEC2F2000900BFAE
S31500000450DBF8000051464FF0FF3202F075FE01282E
S31500000460F6D148AFA1CF4B9C05F02BF841EC180B09
S31500000470284605F026F841EC190B384605F021F818
S3150000048041EC1A0B204605F01CF841EC100B3046E7
S315000004904FF4807142468DEC068B8DED060B05F010
S315000004A07BFA304605F052FA02464846314601F0DC
S315000004B085FA0028CCD140F2EC50C2F20000006868
S315000004C04FF4FA7102F03EFCC2E780B584B040F604
S315000004D00C10C2F20000016840F2386C0131016074
S315000004E041F2C030C2F200000221CDE9001040F214
S315000004F0355049F2901149F65C23C2F2000CC0F265
S315000005000000C0F20001C0F200034FF48062CDF893
S3150000051008C002F049FF40F2A061C2F20001086083
S3150000052008B104B080BD0020002104B0BDE88040C1
S3150000053000F054B810B5044600F052F82046BDE865
S315000005401040FFF70DBE10B582B040F2947240F233
S31500000550D0730024C2F20002C2F2000305200C216F
S31500000560009402F072FA40F61801C2F20001086027
S3150000057018B90020002100F031F840F61C0240F6C0
S315000005806C03C2F20002C2F200030520102100949F
S3150000059002F05BFA40F6B401C2F20001086018B935
S315000005A00020002100F01AF840F6B802C2F200025C
S315000005B04FF48070002102F0AEFC40F60011C2F24A
S315000005C00001086008B102B010BD0020002102B091
S315000005D0BDE8104000F002B8FFF7B5BF00BE704797
S315000005E0B0B540F60414C2F2000420684FF0FF31A3
S315000005F002F0A8FB012803D020680021FFF7EEFFD8
S3150000060040F60810C2F20000017801B1B0BD012128
S315000006100170FFF7E1FF40F60C15C2F2000500BFBE
S31500000620286801382860F1D02068002100220023C4
S3150000063002F07EFA0128F3D020680021FFF7CEFFF2
S31500000640EEE780B540F60C10C2F200000021016012
S3150000065040F60810C2F2000040F610120170C2F215
S3150000066000024FF48070012102F055FC40F604119F
S31500000670C2F20001086018B900200021FFF7AEFFA2
S3150000068000F022F8FFF721FF00F05CF803F0C9F94B
S31500000690002080BD40F65813C2F20003036040F606
S315000006A0C010C2F20000086080201060704740F65B
S315000006B0C033C2F20003036040F62840C2F20000D5
S315000006C0086080201060704780B584B040F60C103A
S315000006D0C2F20000016840F6E87C0131016042F296
S315000006E0C030C2F200000321CDE9001040F23370A1
S315000006F049F6462149F65853C2F2000CC0F20000F2
S31500000700C0F20001C0F200034FF48072CDF808C0B9
S3150000071002F04AFE41F25001C2F20001086008B13F
S3150000072004B080BD0020002104B0BDE88040FFF782
S3150000073055BF10B50446FFF753FF2046BDE81040ED
S31500000740FFF7E0BD80B584B040F60C10C2F20000A1
S31500000750016841F2840C0131016042F2C070C2F2BC
S3150000076000000121CDE9001040F2AF7049F292413C
S3150000077049F6A053C2F2000CC0F20000C0F200011C
S31500000780C0F200034FF48072CDF808C002F00CFEF0
S3150000079041F2EC01C2F20001086008B104B080BD6C
S315000007A00020002104B0BDE88040FFF717BF10B558
S315000007B00446FFF715FF2046BDE81040FFF70EBEC2
S315000007C080B5C16D0022C8690023C4F2A012C4F22C
S315000007D04823C1E9092304F015FC002818BF0120AD
S315000007E080BD062070470620704706207047062009
S315000007F0704706207047D4D4B0B586B0C36D144692
S31500000800D3E906C0D3E908529B6A0291CDE90432C6
S3150000081002AB61460022009504F01EFC00281AD4A3
S31500000820002100BF6A58625004313429FAD1A96BFD
S315000008300128A163696C4FF00000A164A96CE16412
S31500000840E96C2165296D6165696DE16504BF01206B
S31500000850C0F2030000E0012006B0B0BD06207047DC
S31500000860062070470620704706207047062070470E
S3150000087006207047062070470620704706207047FE
S315000008802DE9F04F89B041650D460968EE6881652E
S3150000089004466868E665A066A8680222E0662869DC
S315000008A0206768696067002084F8460084F848205D
S315000008B084F8470007C91268904710B109B0BDE82F
S315000008C0F08FA06E20B1204600F0C6FB0028F5D1BF
S315000008D0E06D01968269D0E9043105AE11610189A6
S315000008E0136291810078932702284FF0300008BFE9
S315000008F0602018445062E06D221D80694FF0940A12
S31500000900029004F144000390002040F2E73900BF52
S3150000091080462046934611460222A78000F0FCFA44
S315000009200028CBD103992046324640F2011384F8C1
S3150000093044A000F0ABFA0028C0D12046C82100F040
S3150000094083FB0028BAD19DF914005A46B0F1FF3F47
S3150000095003DCC84508F10100DAD340F2E6308045F1
S3150000096000F29081039E002084F844002046314620
S3150000097040F2012300F08AFA00289FD1029FA08846
S31500000980B98900BAB1EB104F40F07E81202084F87F
S3150000099044007A1C2046314640F2016300F076FAA4
S315000009A000288BD1262084F84400786A3A6990F8AA
S315000009B02C0031460002431C204600F067FA00284E
S315000009C07FF47CAFE06D3146D0F818A00020CDE969
S315000009D00700CDE90500B72084F8440020465A46B2
S315000009E040F201135F4600F051FA00287FF466AF2B
S315000009F0DAF820600AF1010205A9304600F0D4FABF
S31500000A00307939463870DAF8200090F805C0BCF124
S31500000A10000F09D0012005AAC3B2013012F8017BEC
S31500000A20C6B26645CF54F7D90CF1010220460E46F0
S31500000A3000F072FA00287FF441AFDAF82000314660
S31500000A40007B3070DAF8200090F80DC0BCF1000F82
S31500000A5009D000690122D3B2013210F8017BD6B267
S31500000A606645CF54F7D90CF1010220460E4600F038
S31500000A7053FA00287FF422AFDAF820003146007DD1
S31500000A803070DAF8200090F815C0BCF1000F09D0DC
S31500000A9080690122D3B2013210F8017BD6B26645D5
S31500000AA0CF54F7D90CF10102204600F035FA0028A0
S31500000AB07FF404AFDAF820005946007F8BF8000077
S31500000AC0DAF8200090F81DC0BCF1000F09D0006ACA
S31500000AD00122D3B2013210F8017BD6B26645CF545B
S31500000AE0F7D90CF10102204600F016FA00287FF42F
S31500000AF0E5AEA06E10B1002084F85100932020715D
S31500000B00DAF820005946007802226071204600F08B
S31500000B1003FA00287FF4D2AEA06E002800F0B6805B
S31500000B2094F851000028FBD0002084F85100DAF830
S31500000B302000039990F824005A4684F84400DAF815
S31500000B40200090F825000002431C204600F09EF984
S31500000B5000287FF4B3AEA08805A900BA000CAAF855
S31500000B600A00E08800BA000CAAF80800E06DD0F888
S31500000B7018800020D8F82460CDE90700CDE90500EB
S31500000B8008F10102304600F00FFA30792071D8F8EA
S31500000B902400407950B1012105AACBB2013112F8E7
S31500000BA0016BCFB287420BF80360F6D9421C204690
S31500000BB0594600F0B1F900287FF480AED8F8240039
S31500000BC0007B8BF80000D8F82410487B50B10969E7
S31500000BD00122D3B2013211F8017BD6B286420BF85C
S31500000BE00370F6D9421C2046594600F095F90028B4
S31500000BF07FF464AED8F82400007D8BF80000D8F8A6
S31500000C002410487D50B189690122D3B2013211F80E
S31500000C10017BD6B286420BF80370F6D9421C2046F9
S31500000C20594600F079F900287FF448AED8F8240038
S31500000C30007F8BF80000D8F82410487F50B1096A6D
S31500000C400122D3B2013211F8017BD6B286420BF8EB
S31500000C500370F6D9421C2046594600F05DF900287B
S31500000C607FF42CAE01982946C0680268204690475A
S31500000C7000287FF423AE44F64470C5F64D2020606C
S31500000C8000201BE6142019E6062017E60DF11306D0
S31500000C90942703992046324640F2011384F84470A3
S31500000CA000F0F4F800287FF409AE2046322100F067
S31500000CB0CBF900287FF402AE9DF913000028E8D492
S31500000CC035E7022180F84810C16D93238A690146F1
S31500000CD001F8043F526A13780222437100F01CB9EE
S31500000CE09322014621F8042F022200F015B90221B1
S31500000CF080F84810012180F846109423014600F13F
S31500000D00450201F8443F40F2011300F0BFB890F8E5
S31500000D104820012A1EBF0220C0F2030070478C46FD
S31500000D20022180F84810C16D8B69596A91F8242018
S31500000D30014601F8442F5A6A92F825201202531CE4
S31500000D40624600F0A3B8C36DDB685B691847C36DE4
S31500000D50DB689B691847C36DDB68DB691847C36DA1
S31500000D60DB681B6A1847C36DDB685B6A1847C36D8F
S31500000D70DB689B6A1847C36DDB68DB6A1847C36D7F
S31500000D80DB681B6B1847C16D002081ED090AC1EDB8
S31500000D900A0A7047012180F84710B7230146021D51
S31500000DA001F8443F40F2011300F070B810B5044654
S31500000DB0806D8168006849688847A06E10B120463A
S31500000DC000F07BF900210020216010BD10B582B033
S31500000DD00168027AD1F85CE0CB6E1046DEF818C0E6
S31500000DE00093002A18BF06208DF804000B6844F60D
S31500000DF04474C5F64D24A3421BD191F84600F2B9BE
S31500000E00C0071CD09EF800000B2801D0012829D16C
S31500000E10DCF8240091F84520407F4FF0FF3303EBC8
S31500000E20500002F01F02904221D002208DF80400EB
S31500000E3022E0012281F8502081F8520023E091F847
S31500000E404700E2B9C0071AD091F9040042064FF0F4
S31500000E50040258BFC0F3C11200208DF8042081F8A7
S31500000E6047000CE091F94500B0F1FF3FDDDD0120C0
S31500000E708DF8040081F84800002081F84600096FCB
S31500000E8009B16846884702B010BDD4D42DE9F04FA9
S31500000E9081B00646006844F64478C5F64D28A0EBB6
S31500000EA00800B0FA80F0994693468A464009052420
S31500000EB00025C00704BF002086F85000B06D5A46D2
S31500000EC0816800680F6951464B46B84700BB3068D9
S31500000ED0404516D096F8500040B93046012100F042
S31500000EE0B3F8642D05F10105F4D310E030684045F0
S31500000EF007D096F8520020B1013C20044FF00000C4
S31500000F00D7D196F85200002818BF122000E014200E
S31500000F1001B0BDE8F08FD4D42DE9F047054600684E
S31500000F2044F64478C5F64D28A0EB0800B0FA80F0E8
S31500000F3092460E46400905274FF000090024C007D7
S31500000F4008BF85F85090A86D524681680068CB6846
S31500000F5031469847002818BFBDE8F0872868404505
S31500000F6017D000BF95F8500040B92846012100F07F
S31500000F706BF8642C04F10104F4D311E028684045B1
S31500000F8007D095F8520020B1013F38044FF0000019
S31500000F90D5D195F85200002818BF1220BDE8F08779
S31500000FA01420BDE8F087D4D44379002B43D010B584
S31500000FB09FED210A9FED211A9FED212A9FED213AEF
S31500000FC04FF0000C8368D47833F80CE0937805EE84
S31500000FD0104A04EE103AB8EE444A14795379B8EE42
S31500000FE0455A24EE004A9EFA8EFE34EE054A05EE78
S31500000FF0104A03EB2E43B8EE455A06EE103A35EE8C
S31500001000015AB8EEC66A25EE065A35EE025A25EEA4
S31500001010044A84EE034ABDEEC44A14EE103A5BBAA3
S3150000102021F80C300CF1020344795FFA83FCA445E5
S31500001030C8D3BDE81040704700008043000020443C
S315000010400000FAC800803BCB80B508464FF47A71A1
S3150000105001F0B1FA002080BDB0B5856E044695E872
S3150000106007001268904758B9A9682868D1F80CC0DB
S3150000107041F28F01C0F2000122460023E04700B191
S31500001080B0BDA96828684968BDE8B040084780B582
S3150000109082B00068016859B1C26E416F00920122A8
S315000010A08DF8042080F8482029B16846884702E078
S315000010B0012180F8511002B080BD80B5806E816834
S315000010C0006809698847002080BDD4D41EF0040F4B
S315000010D00CBFEFF30880EFF30980014908470000D1
S315000010E0731100000F4B1968EFF309821EF0100F01
S315000010F008BF22ED108A22E9F04FEFF30B8342F886
S31500001100043D0A604FF0100080F31188BFF34F8F43
S31500001110BFF36F8F02F036FC4FF0000080F31188AA
S3150000112000F002B8B8110020074801680A6802CA30
S3150000113081F30B88B2E8F04F1EF0100F08BFB2EC37
S31500001140108A82F309887047B811002010B5EFF3B2
S315000011501184102080F3118802F0E0FC30B14EF6C5
S315000011600450CEF200004FF08051016084F31188E4
S3150000117010BD806910F8020C022808BFFFF7D4BF23
S31500001180042838BF704780B549F2C01049F2D752DB
S3150000119049F2CB23C0F20000C0F20002C0F2000305
S315000011A04FF47E7101F004FA283140F8481D41F2EF
S315000011B0D111C0F200014FF0807C22F00102C16320
S315000011C06FF002010264C0F844C0C0E90913704719
S315000011D000BE00BFFEE7D4D44EF62250CEF2000089
S315000011E0F021017000F016F84EF63470CEF20000D1
S315000011F0016841F04041016062B6BFF36F8FEFF3C3
S31500001200148C2CF0040C8CF31488BFF36F8F02DF60
S3150000121000BEFDE741F26410C2F20000006844F629
S31500001220D351C1F26201A0FB01014FF0FF3000EB88
S3150000123091110020B0EB116F18BF70474EF21002EB
S31500001240CEF2000251604EF62351CEF20001F02399
S315000012500B7090600720106070471021EFF311802B
S3150000126081F3118841F2F001C2F200010A68531CB1
S315000012700B605AB941F2F401C2F2000108604EF661
S315000012800450CEF200000068C00500D1704780B55A
S3150000129049F2C01049F2E61249F22C53C0F200009E
S315000012A0C0F20002C0F2000340F2A44101F080F94E
S315000012B041F2F000C2F20000016859B10139016043
S315000012C018BF704741F2F400C2F20000006880F3D4
S315000012D01188704780B549F2C01049F6631249F289
S315000012E09A13C0F20000C0F20002C0F2000340F2FE
S315000012F0AD4101F05DF988B14EF20C00C4F2010077
S31500001300B0F90010B1F1FF3F09DDBFF34F8F30BFD9
S31500001310BFF36F8F62B6BFF36F8F72B6704780B53B
S315000013204EF2FE32C4F20102B2F800E04AF2025C6A
S31500001330CFF6FF7C0023A2F800C003804EF42543BD
S315000013401380BFF34F8F30BFBFF36F8F62B6BFF30B
S315000013506F8F72B61388A2F800C0018043F425404F
S31500001360108080BD80B572B602F0BAF90120FFF791
S31500001370C2FF62B6BDE8804002F00CBA80B5EFF35A
S315000013800380103840B2002806D44EF20041CEF257
S315000013900001405C0F2817D94EF60C50CEF2000023
S315000013A00068400558BF80BD49F2C01049F2C872B6
S315000013B049F25833C0F20000C0F20002C0F2000346
S315000013C040F2216101F0F4F849F2C01049F2C87206
S315000013D049F60F13C0F20000C0F20002C0F200038B
S315000013E040F20F6101F0E4F801600246486850607F
S315000013F0886890600869D061C86843F2213110623C
S315000014000020C3F22C211076D16070470146406857
S315000014100022C2600020CA60704700F004B800F0E5
S315000014206FB800F0AFB82DE9F04105464068904628
S31500001430066928460F4600F037F808B104462CE046
S31500001440287E4246014600281CBF39464046C5E96B
S315000014500401B16830684C68394600230026A0476D
S31500001460044668686CB9416851B128680A68016821
S31500001470106801F067FC461E686818BF642600E025
S315000014800026006838B10068006801F02AFB0138C0
S3150000149018BF642000E0002014B12046BDE8F081AA
S315000014A0002E18BF3046C9E770B50446D0E90105DD
S315000014B00168066949B10A688168106801F01CFC78
S315000014C001281CBF642070BD6068C068A04215D0AA
S315000014D0B16830680B69A9682A7B9847002818BF4D
S315000014E070BD60682246C460B16830684E69E969BB
S315000014F00023B047002808BF002070BD002070BD43
S315000015002DE9F04381B005464068914606692846B4
S315000015100F46FFF7C9FF08B104462AE04FF000085E
S31500001520C5E90488B16830688E6839464A460023A2
S31500001530B0470446686884B9416861B128680A689A
S315000015400168106801F0FEFBB0F10108686818BF79
S315000015504FF0640801E04FF00008006838B10068F9
S31500001560006801F0BEFA013818BF642000E00020D0
S315000015701CB1204601B0BDE8F083B8F1000F18BFDA
S315000015804046C9E72DE9F04381B0054640681E464E
S315000015900769284691468846FFF786FF08B1044644
S315000015A028E0C6F30720C5E90409B96838688F68DA
S315000015B0F2B241460123B847044668680CB10026DA
S315000015C00CE041680029FAD028680A6801681068AA
S315000015D001F0B8FB461E686818BF6426006838B17B
S315000015E00068006801F07DFA013818BF642000E049
S315000015F000201CB1204601B0BDE8F083002E18BFC4
S315000016003046CCE770B584B004680079616800F0B4
S31500001610FE000A69216A022801910ED1616900263D
S315000016208DF80C6081B1936810685D6822690023AB
S31500001630A8472661666120B90AE091681068C96802
S31500001640884703208DF80C0001A9204600F002F817
S3150000165004B070BDB0B5054640680C46406820B180
S3150000166000680021006801F0ECFCE96919B1204628
S31500001670BDE8B0400847B0BD0A780123934013F097
S31500001680060F05D0CB695B681B781B0700F1E1806C
S315000016902DE9F04748F20003C4F2110343EA02229F
S315000016A04FF00008026280F80080C1614B69436216
S315000016B08B69C0F82880C362837823F003035E1C1D
S315000016C086704E7816B943F00203837091F90B7059
S315000016D04EF2001CCEF2000C07F01F044FF0010E74
S315000016E00EFA04F60CF180047A098D7A44F8226029
S315000016F046F2003ABFF34F8FC4F2000ABFF36F8F72
S315000017005AF8272041F23C1922F480324AF8272061
S315000017105AF827202A010CF54075C2F20009EA554D
S3150000172049F8270091F905200F7902F01F060EFAF5
S3150000173006F6530944F82360BFF34F8FBFF36F8F4C
S315000017405AF8223023F480334AF822305AF82230ED
S315000017503B01AB5449F8220091F907208B7902F03E
S315000017601F060EFA06F6570944F82760BFF34F8F97
S31500001770BFF36F8F5AF822601B0126F480364AF8B1
S3150000178022605AF82260AB5449F8220091F90920E8
S315000017900B7A02F01F060EFA06F6570944F8276080
S315000017A0BFF34F8FBFF36F8F5AF822401B0124F40B
S315000017B080344AF822405AF82240AB5449F82200B5
S315000017C0EFF310828EF3108844F204050B78C4F20E
S315000017D008054FF000442E6824FA03F326EA0303B3
S315000017E02B602B6882F31088026A82F80280026AF4
S315000017F082F80480026A82F80980026A82F80A8006
S31500001800026A82F80B80026AA2F81A800A780EFA37
S3150000181002F340F2F932134202D0036A4024DC7428
S31500001820036A06241C770B780EFA03F3134203D0DF
S31500001830026A4FF478439382CA784E788B78D20046
S3150000184042EA03123EB1032E08BF42F04002F226DE
S3150000185002E00322B0E0E226036A02271A70026A57
S3150000186000259671CA69137B07EA4307082B036AAA
S3150000187008BF0A275F73066A537897783572167819
S31500001880056A06F0FE06022E4FEAC31667F34516F2
S3150000189009D1FF236B701278022A026A08BF46F04C
S315000018A01006D67116E0EE715268036A97785F707B
S315000018B057781E7807F0030706F0FC0637441F70BA
S315000018C0D7789F74DF79127807F0A30702F05C02DD
S315000018D03A44DA710022C369C0E90322C0E905224D
S315000018E0D1F81CE093F905309EF800105AF8234011
S315000018F003F01F0524F480344AF823405AF82340A5
S31500001900012404FA05F60CF5C0755B09BFF35F8F79
S3150000191045F823604CF82360C36993F90B305AF8F5
S31500001920236026F480364AF823605AF8236003F0D1
S315000019301F0604FA06F65B09BFF35F8F45F82360BE
S315000019404CF82360C36993F907305AF8236026F4EC
S3150000195080364AF823605AF8236003F01F0604FA1B
S3150000196006F65B09BFF35F8F45F823604CF82360EA
S31500001970C36993F909305AF8236026F480364AF889
S3150000198023605AF8236003F01F06B4405B09BFF3D7
S315000019905F8F45F823404CF823401C23076A63F306
S315000019A09F01B970BEF80A10018144F65511C5F2BF
S315000019B043314160BDE8F0471046704780B5D0F826
S315000019C020E09EF802C00CF07B038EF8023083788C
S315000019D003F00303A2EB030C0B44026AC0E9033CC9
S315000019E0937843F080039370827802F00302022A10
S315000019F005D10988006A41F47E41C18102E0097877
S31500001A00006AC170002080BDEFF303804FF0704183
S31500001A1001EB006046F200318015C4F20001425825
S31500001A2022F480324250415841F23C11C2F2000188
S31500001A300858C1690A690169C2B9C1B1817801F062
S31500001A400302C168022A05D10988026A41F47E416F
S31500001A50D18102E00978026AD1708178026901F0C9
S31500001A600303D11AC26801611A44C26071B9016ADE
S31500001A708A7802F07B0204328A70416A00294FF0AC
S31500001A800001C16002D0802200F001B870472DE944
S31500001A90F04385B08146806A0DF1040830B10546F1
S31500001AA095E8D800C4468CE8D80000E04046D9F84E
S31500001AB01C301B78816003600271D9F82C10C1605C
S31500001AC0D9F824108847D9F8280010B198E88E0074
S31500001AD08EC005B0BDE8F08310B582B0EFF3038089
S31500001AE04FF0704101EB006046F200318015C4F200
S31500001AF00001425822F480324250415841F23C11D2
S31500001B00C2F200010C58A07800F00302206A022AF3
S31500001B1003D1018A6FF35F2100E04179A069019149
S31500001B2098B1606901A903F000FFA0786169A26914
S31500001B3000F003000144101A6161A0610ED1606AD1
S31500001B4060B120460021012203E0606A30B12046E0
S31500001B50042202B0BDE81040FFF799BF02B010BDE5
S31500001B6010B54FF07041EFF3038001EB006141F2D5
S31500001B703C128815C2F2000210580C16026A9378BD
S31500001B8003F07B039370426A1AB100210222FFF729
S31500001B907EFF46F20030C4F2000050F8241021F413
S31500001BA0803140F8241050F8240010BD4FF07041E9
S31500001BB0EFF3038001EB006C41F23C114FEAAC50AD
S31500001BC0C2F2000108588178036A01F00301022974
S31500001BD003D1198A6FF35F2100E0597910B51A799C
S31500001BE0D40602F0380204D51C7F64F3861282F014
S31500001BF040021C7904F0C7041C71436A4FEA2C6446
S31500001C000BB1FFF744FF46F20030C4F2000050F873
S31500001C10241021F4803140F8241050F8240010BD1F
S31500001C202DE9F0410246087848F20003C4F2110398
S31500001C3003EB00201061116088684FF0000E5060C1
S31500001C40087B4FF0010C1072C86944F2040550631A
S31500001C50086AC2F838E0D063EFF310838CF310887B
S31500001C600878C4F208054FF000442E6824FA00F004
S31500001C7026EA00002860286883F310881068136934
S31500001C80406A83F802E01369F024DC7283781469F1
S31500001C9003F0030323701369FA249C7143781469D3
S31500001CA041F23C186370037814699B002033E3719A
S31500001CB043791469C2F200082372C378146946F2A4
S31500001CC00036A37400791369C00001305872106998
S31500001CD02323837210694EF2001380F80DE0487BCF
S31500001CE091F90F40CEF20003000103F54075285527
S31500001CF048F82420C4F2000656F8247003F5C07094
S31500001D0027F4803746F8247056F8247004F01F072D
S31500001D100CFA07F76409BFF35F8F40F8247043F8A5
S31500001D2024704C7B91F9101024016C5448F8212042
S31500001D3056F8214024F4803446F8214056F82140D4
S31500001D4001F01F040CFA04F74909BFF35F8F40F84E
S31500001D50217043F8217043F24321C5F24931002036
S31500001D60C2E906EEC2E908EE82F82DE082F82EE01E
S31500001D7082F82FE082F830E0D160BDE8F08180B5CE
S31500001D8080F82E30012300F061F8002080BD80B578
S31500001D9080F82E30002300F059F8002080BD01465F
S31500001DA00069002282700869F023C37281F830202E
S31500001DB081F82E20C869C1E9082091F82A20002060
S31500001DC081F82C2070470346416000201A72704744
S31500001DD08446C0E90D130020CCF83C207047C0684B
S31500001DE04CF6BD52CAF6B6421044B0FA80F042092B
S31500001DF000200A707047016900228A700169F02389
S31500001E008A7001694FF0004CCB7280F8302080F860
S31500001E102E2090F82A10C36980F82C10C0E90823F8
S31500001E20C260EFF31081012282F31088006844F249
S31500001E3004030078C4F208031A682CFA00F0104371
S31500001E401860186881F310880020704790F808C061
S31500001E50C0E90612BCF1010F08D101794FF4807C6C
S31500001E6043EA4101A0F829C080F8281080F82D30F7
S31500001E700021C0E9082190F82A2080F82C1080F86B
S31500001E802B2080F82F1080F8311080F8331090F84E
S31500001E902D10B422012904BF012180F831100169F7
S31500001EA08A7090F83010B9B1002180F8301090F89F
S31500001EB02A1001294FF0290108BF2821415C026937
S31500001EC0D17090F82B1090F82C20013980F82B1047
S31500001ED0511C80F82C10704700695121C17270475F
S31500001EE0EFF303804FF0704101EB006046F20032E1
S31500001EF08015C4F20002835823F48033835080583F
S31500001F00EFF3038001EB006041F23C118015C2F251
S31500001F100001085801690A7BD20718D190F82A30C7
S31500001F2090F82C20934220D1026A002A3ED090F8E5
S31500001F302D30002B47D090F83130012B4DD10023A6
S31500001F40012A80F8313055D08B72026A4FE090F842
S31500001F502D20012A03D190F83120012A1BD100221D
S31500001F600262012280F82F202AE090F82D30022A02
S31500001F7003D1DA0701D0522023E090F82820CA7056
S31500001F8090F82B1090F82C20013980F82B10511C5A
S31500001F9080F82C10704749798269436AD154D0E998
S31500001FA008230169013A0133C0E9082390F82E207D
S31500001FB0012A05D15222CA72012180F830107047D9
S31500001FC05420C8727047D0F818C0436A013A1CF80A
S31500001FD003C00133C0E9082311E049798269436AE5
S31500001FE0D154D0E908134A1E591CC0E908210169D9
S31500001FF0012A02D120228A7201694FF0FF0C81F872
S3150000200003C0704710B582B0EFF303804FF0704104
S3150000201001EB006041F23C118015C2F200010C5840
S315000020202069C17A01F0F701C17294F82F000128E6
S3150000203017D12069F021C172A06B00281ABFD0E920
S315000020400012CDE900126846E16B016001210171C1
S31500002050616B8847A06BC0B3DDE90012C0E90012CE
S3150000206033E094F82A1094F82C0081420BD1206AB0
S3150000207058BB94F82D1094F830202069012A36D1E7
S315000020800022C2723AE060B194F82D1002284FF097
S3150000209000000BD1C9071CBF94F8290040F00100CD
S315000020A004E02920012908BF2820205C216900229C
S315000020B0CA722169C87094F82B0094F82C10013864
S315000020C084F82B00481C84F82C00EFF303804FF0B3
S315000020D0704101EB006046F200318015C4F2000148
S315000020E0425822F480324250405802B010BDF022CD
S315000020F0C2722069827802F0CF028270A06B81F0F2
S31500002100030100281ABFD0E90023CDE90023684661
S31500002110E26B02609BE780B545F25422C5F24F029E
S315000021200260084600F002F8002080BD70B5044643
S3150000213000F05CF841F2381CEFF31080012181F3C6
S315000021401088C2F2000CDCF8001039B940F60351D1
S31500002150C4F2080100220A7040220A70DCF800105E
S315000021600131CCF8001080F31088208810B340F6B7
S31500002170000E0021C4F2080E606800EBC1029288CE
S3150000218050F83130100ADD03D2B20BD50EEB8015B4
S3150000219055F8226026F4803645F8226023F480360E
S315000021A045F822600EEB801040F82230208801317D
S315000021B08142E1D3EFF31081012080F31088DCF82F
S315000021C0000020B1DCF800000138CCF80000DCF893
S315000021D0000038B940F60350C4F20800002202702D
S315000021E08022027081F3108870BDD4D42DE9F04F9F
S315000021F081B00446008800285CD043F240084EF2C5
S31500002200BB4A49F65C6BC4F208080026C4F2010A10
S31500002210C0F2000B4FF00109002700BF60683BF8D1
S31500002220172000EBC600818891423CD100689AF8DD
S31500002230001000F0B85009FA07F5B0F1807F05EA02
S31500002240010015D150B9012000F08BFA9AF8000070
S3150000225028438AF80000012000F05AFA18F91700FE
S31500002260002820D418F8170040F0800015E000BFC1
S3150000227050B1012000F075FA9AF80000A8438AF8D8
S315000022800000012000F044FA18F91700B0F1FF3FF2
S3150000229009DC18F8170000F07F0008F81700C820BE
S315000022A0012100F088F90137032FB7D120880136C4
S315000022B08642B1D301B0BDE8F08FF0B591F9023096
S315000022C00246037146F20030C4F200004FF0000EE1
S315000022D050F823C040F823E08B684FF60057936010
S315000022E0CB68CFF6FF77D3600B785371034303F8BF
S315000022F007E04D790E79CC78ED0145EA06162643BE
S31500002300DE5592F9043040F823C092F90400002803
S315000023100CD449784EF200430901CEF20003C154B1
S3150000232041F23C11C2F2000141F8202044F255313D
S31500002330C0F2490100201160F0BD90F9040046F298
S315000023400031C4F2000151F8202022F4803241F815
S31500002350202051F8201000F01F01012202FA01F19D
S315000023604EF200124009CEF2000202EB8003BFF3E8
S315000023705F8FC3F8801142F820100020704790F953
S315000023800400012200F01F0102FA01F14EF2801250
S315000023904009CEF2000242F82010BFF34F8F002012
S315000023A0BFF36F8F704703460020C3E902127047E0
S315000023B0014690F90400002818D400F01F020123FA
S315000023C003FA02F24EF280134009CEF2000343F8FC
S315000023D02020BFF34F8FBFF36F8F91F9040041F2B6
S315000023E03C12C2F20002002342F8203000220020F4
S315000023F00A60704770B582B04FF07041EFF303800A
S3150000240001EB006141F23C128815C2F2000210583D
S3150000241046F200344279C4F200044FF600532243D8
S31500002420CFF6FF73D25C0D1602F00306032E07D01B
S3150000243054F8251021F4803144F8251054F825105D
S31500002440816829B14279C068CDE9000268468847AB
S31500002450032E07D154F8250020F4803044F82500D7
S3150000246054F8250002B070BD4EF22000C4F20100FF
S31500002470817940F220520068C2F2000252F821101F
S31500002480C0F3026021FA00F041F26411C2F20001C9
S3150000249008607047F0B54EF2FE3CC4F2010C4CF2F7
S315000024A000124AF20350C4F20102ACF80000012007
S315000024B0908000BF90880028FCD147F200030120DD
S315000024C0C4F2000310809860186040F2205342F670
S315000024D0005E41F200244CF200274EF22001C2F2C7
S315000024E00003C0F2311EC0F27A044FF40045002604
S315000024F0C0F6EB37C4F20101C3E900E4C3E90256B2
S31500002500C3E904678F790D6853F82770C5F3026530
S3150000251041F2641E27FA05F4C2F2000ECEF800401E
S315000025208CF882008E7500BF087FC007FCD042F28F
S315000025301170088100208872087F8006FCD5032070
S31500002540107741F22120C2F201000860052088714F
S3150000255088790A6853F82000C2F30262D040CEF8A8
S31500002560000042F20800C4F20000F12202710122CA
S31500002570F023027003714FF425400A7481F832206B
S31500002580ACF80000F0BD10B543F22800C4F2080014
S3150000259000240470012000F0E4F84EF2BB41C4F2BE
S315000025A0010101200C70BDE8104000F0B1B8D4D490
S315000025B000BE00BFFEE741F26412C2F200021268DA
S315000025C041F20023C0F27A039A4201FB00F00FD3D6
S315000025D040F6FF01C0F23D0111444DF68362C4F29C
S315000025E01B32A1FB0212110DA0FB0101E9B11FE094
S315000025F04CF6002348F63811C3F69A33C0F241016F
S31500002600B3FBF2F2884207D24FF47A7100FB01F075
S31500002610B0FBF2F0800808E09200B0FBF2F08842CE
S3150000262006D24FF47A7100FB01F028B100F005B82C
S315000026304FF0FF3000F001B8704701380028FCD198
S315000026407047D4D42DE9F04146F22018C4F20008B0
S31500002650B8F80000B8F8201041F2F80501EA0006C3
S31500002660B7B20024C2F2000527FA04F0C00704D06E
S3150000267055F8241009B1204688470134102CF3D1AF
S31500002680A8F81060BDE8F08170B584B048F248063D
S315000026900320C4F2000600F064F86FF0FF0049F66C
S315000026A05C5430604FF0FF300021C0F2000401227C
S315000026B0CDE9020034F8113002FA01F5002B01F1E0
S315000026C0010118BFA8430729F4D14EF280320190C8
S315000026D0002001A9CEF2000251F8203006EB800559
S315000026E0AB6242F8203001300328F5D1032000F018
S315000026F00FF846F200310020C4F2000134F8102031
S315000027000AB141F8202001300728F7D104B070BD86
S315000027100122EFF3108182F3108841F25812C2F2BF
S31500002720000232F8103023B132F81030013B22F8A3
S31500002730103032F810208AB94EF2FE3CC4F2010C79
S3150000274049F66C72BCF80030C0F2000232F8100094
S3150000275043F4254222EA0000ACF8000081F3108819
S31500002760704780B50122EFF3108182F3108841F2A1
S315000027705812C2F2000232F810308BB94EF2FE3C0B
S3150000278049F66C73C4F2010CC0F20003BCF800E019
S3150000279033F8103043EA0E0343F42543ACF8003017
S315000027A032F81030013322F8103081F3108880BDE2
S315000027B000F006F8FDF745FFFEE700BE7047D4D4EB
S315000027C0B0B54EF60850CEF200004FF47001C0F8D6
S315000027D0801040F20001C0F20001016000200024D8
S315000027E0FDF750FDFFF756FE0120FDF74BFD40F2C9
S315000027F02010C2F2000080F30A88002000F050F892
S31500002800FFF732FEFFF7BFFE0320FFF7AAFF40F6F1
S315000028101050C4F208004FF6FF7100BF20F81410E4
S3150000282001340C2CFAD10320FFF772FF0320FFF7C7
S3150000283098FF0420C4F20E0000210160416081600F
S31500002840C1600320FFF764FF0220FDF71BFD012096
S3150000285000F026F841F2BC34C2F20004204603F030
S315000028607DF8204603F08EF84AF24E704AF24E7119
S31500002870C0F20000C0F20001081A8410012C08DB27
S315000028804AF24E75C0F2000555F8040B8047013C2C
S31500002890FAD1FFF7F9FE0020BDE8B04000F02DB8F0
S315000028A0F0B581B049F68865C0F200052E68044689
S315000028B076B16868071D00BF7879844204D157E96C
S315000028C00101091A03F02DF8013E07F10C07F3D1B7
S315000028D0AE6886B1E86800F1080500BF68798442F1
S315000028E005D155E902022968121A03F01EF8013EC5
S315000028F005F11005F2D101B0F0BD70474FF0FF3180
S31500002900024642F8081F0021C0E90322C0E900126E
S31500002910704700210161704742684A6093688B6086
S315000029205960916008610168013101607047D4D433
S3150000293080B5D1F800C01CF1010207D000F10802F1
S315000029409646526813686345FAD903E0D0F810E05A
S31500002950DEF804204A609160C1F808E0CEF8041061
S31500002960086101680131016080BDD0E90123016978
S31500002970936042685A604A68824201D182684A601E
S3150000298000220261086801380860704770B50028A7
S315000029904BD00446C06BC0B30E46216CA0FB0101B0
S315000029A099BBFEF75AFC2068D4E90F12002502FBFA
S315000029B00103013901FB0201A563C4E90103FF20FC
S315000029C0E16084F8440084F8450004F110004EB13B
S315000029D0FFF794FF04F12400FFF790FFFEF768FC71
S315000029E0012070BD01680029F8D001F0D7F9002850
S315000029F0F4D04EF60450CEF200004FF08051016044
S31500002A00BFF34F8FBFF36F8FE8E749F2676049F670
S31500002A10441249F61003C0F20000C0F20002C0F2F0
S31500002A2000034FF4B671FFF7C3FD49F2676049F63C
S31500002A30441249F2E773C0F20000C0F20002C0F28D
S31500002A40000340F23711FFF7B3FD10B582B043B370
S31500002A50B8B11C4601B9A2B901B192B1482301939C
S31500002A60019B482B2DD1019B002908BF2246C4E9B2
S31500002A700F01204601212260FFF788FF204602B0A1
S31500002A8010BD49F2676049F2A55249F24F73C0F290
S31500002A900000C0F20002C0F200034FF4D871FFF745
S31500002AA087FD49F2676049F2A55249F2DA33C0F26E
S31500002AB00000C0F20002C0F200034FF4C271FFF73B
S31500002AC077FD49F2676049F2A55249F27253C0F2A6
S31500002AD00000C0F20002C0F200034FF4CB71FFF712
S31500002AE067FDB0B598B18568044601F041FA8542A4
S31500002AF01CBF0020B0BDE0680138E06005D120466B
S31500002B0000210022002300F013F80120B0BD49F295
S31500002B10676049F2C86249F28433C0F20000C0F22D
S31500002B200002C0F2000340F2FB21FFF741FDD4D4BE
S31500002B302DE9F04F85B00028049200F09D8099465B
S31500002B401546044619B9206C002840F0C580B9F135
S31500002B50020F03D1E06B012840F0AE80019101F035
S31500002B600DFA10B9002D40F09780FEF776FBA06BAA
S31500002B70B9F1020F59D0E16B884256D304F1100720
S31500002B80012002AE4FF0000B04AD00BF04990029EE
S31500002B9066D0C00702D0304601F086F9FEF788FB02
S31500002BA000F09EFDFEF759FB94F84400FF2808BF8D
S31500002BB084F844B094F84500FF2808BF84F845B06F
S31500002BC0FEF776FB3046294601F07BF900284AD10C
S31500002BD0FEF743FBD4F838A0D4F83C80FEF768FB38
S31500002BE0C24515D10499384601F07AF8204600F01E
S31500002BF0EFF900F0CFFD80B94EF60450CEF200009A
S31500002C004FF080510160BFF34F8FBFF36F8F04E029
S31500002C10204600F0DDF900F0BDFDFEF71EFBA06BBF
S31500002C20E16B88424FF00000B0D2019920464A4637
S31500002C3000F091F954F8241F11B1204601F0AEF8C6
S31500002C4050B14EF60450CEF200004FF080510160B4
S31500002C50BFF34F8FBFF36F8FFEF72AFB012008E00B
S31500002C60FEF726FB04E0204600F0B2F900F092FDE4
S31500002C70002005B0BDE8F08F49F2676049F2E12215
S31500002C8049F2E773C0F20000C0F20002C0F200038E
S31500002C9040F2B631FFF78CFC49F2676049F2E12257
S31500002CA049F2F323C0F20000C0F20002C0F20003B2
S31500002CB040F2BB31FFF77CFC49F2676049F2E12242
S31500002CC049F2F033C0F20000C0F20002C0F2000385
S31500002CD04FF46E71FFF76CFC49F2676049F2E1222E
S31500002CE049F6B213C0F20000C0F20002C0F20003BF
S31500002CF040F2B731FFF75CFC70B590B186680446C8
S31500002D000D4601F035F9864204D02046294600F0EA
S31500002D1019F820B1E0680130E060012070BD0020A4
S31500002D2070BD49F2676049F2A63249F28433C0F2B7
S31500002D300000C0F20002C0F2000340F23731FFF794
S31500002D4037FCD4D42DE9F04F83B00028029100F06F
S31500002D50B2800446006C002840F0BD800D4601F0AC
S31500002D600DF910B9002D40F0C680FEF776FAA16B7A
S31500002D70D1B1481EA063206810B901F03AFAA060EC
S31500002D8054F8100F70B1204601F008F850B14EF615
S31500002D900450CEF200004FF080510160BFF34F8F18
S31500002DA0BFF36F8F012480E004F124094FF0000B7C
S31500002DB001206E4602AF4FF0000800BF02990029BD
S31500002DC072D0C00702D0304601F06EF8FEF770FAF6
S31500002DD000F086FCFEF741FA94F84400FF2808BF8D
S31500002DE084F844B094F84500FF2808BF84F845B03D
S31500002DF0FEF75EFA3046394601F063F860B12046C8
S31500002E0000F0E6F800F0C6FCFEF727FAA56BFEF721
S31500002E104FFAB5B32EE000BFFEF71FFAD4F838A07C
S31500002E20FEF746FABAF1000F05D0204600F0D0F8BA
S31500002E3000F0B0FC1EE0206838B9FEF70EFAA06874
S31500002E4001F0AFF88046FEF733FA0299484600F0E3
S31500002E5047FF204600F0BCF800F09CFC50B94EF647
S31500002E600450CEF200004FF080510160BFF34F8F47
S31500002E70BFF36F8FFEF7F1F9A16B002000299DD0FB
S31500002E8077E7B8F1000F09D0FEF7E7F9D9F80000A7
S31500002E9030B1206B0068C0F1050102E0002406E0B5
S31500002EA00021A06801F039F90024FEF701FA204656
S31500002EB003B0BDE8F08F49F2676049F28D5249F2DE
S31500002EC0BF33C0F20000C0F20002C0F2000340F2BD
S31500002ED08261FFF76DFB49F2676049F28D5249F650
S31500002EE07513C0F20000C0F20002C0F2000340F207
S31500002EF08661FFF75DFB49F2676049F28D5249F240
S31500002F00F323C0F20000C0F20002C0F2000340F258
S31500002F108B61FFF74DFBB0B582B060B10D468142C3
S31500002F2009D81446002100222346FFF78EFD2046CD
S31500002F30A56302B0B0BD49F2676049F2226249F268
S31500002F40E833C0F20000C0F20002C0F200034FF402
S31500002F505E71FFF72DFB70B5866B036C0446DBB123
S31500002F60154612B3E0681A4602F0DFFCE168206CF1
S31500002F702268091A9142E16003D2A16840420844DE
S31500002F80E060A81EB0FA80F040093146002E18BF56
S31500002F9001210840361A15E02068002598B9A06876
S31500002FA001F055F8A56005460DE060681A4602F086
S31500002FB0BCFCD4E90101226C10448842606001D354
S31500002FC0206860600025711C2846A16370BDD4D4BA
S31500002FD0F0B581B00446FEF740F994F94560012E3C
S31500002FE00EDB04F1240500BF286848B1284600F02E
S31500002FF0D5FE08B100F0B5FF70B2013E0128F3DC42
S31500003000FF2684F84560FEF753F9FEF726F994F992
S315000030104470012F0EDB04F1100500BF286848B18B
S31500003020284600F0BBFE08B100F09BFF78B2013FD6
S315000030300128F3DC84F8446001B0BDE8F040FEF7F7
S3150000304037B92DE9F04100283DD00546006C00282F
S3150000305049D12868884610B9A868002853D1FEF7D8
S315000030608DF9EFF31186102080F31188A86BE96BB8
S31500003070884210D295F945400130E7B2FF2FA86388
S315000030800BD000F027FEA04218D97F2F4BD0781C1A
S3150000309085F8450012E0002011E055F8240F68B1CC
S315000030A0284600F07BFE0146B8F1000F4FF0010004
S315000030B018BF002903D0C8F8000000E0012086F3FD
S315000030C01188BDE8F08149F2676049F2463249F25B
S315000030D0E773C0F20000C0F20002C0F200034FF432
S315000030E0A861FFF765FA49F2676049F2463249F688
S315000030F07513C0F20000C0F20002C0F2000340F2F5
S315000031004451FFF755FA49F2676049F2463249F6EB
S315000031109503C0F20000C0F20002C0F2000340F2C4
S315000031204951FFF745FA49F2676049F2463249F2DA
S315000031309263C0F20000C0F20002C0F2000340F247
S31500003140CB51FFF735FAD4D42DE9F04F83B00028E0
S31500003150029200F0A28016468946044619B9206CF0
S31500003160002840F0BA8000F009FF10B9002E40F0A8
S31500003170A480FEF772F8D4F838A0BAF1000F28D070
S31500003180226C52B1D4E902011144E160814224BFAC
S315000031902168E160484602F0C8FB54F8100FAAF116
S315000031A00101A16270B1204600F0F8FD50B14EF663
S315000031B00450CEF200004FF080510160BFF34F8FF4
S315000031C0BFF36F8F0124FEF773F8204603B0BDE806
S315000031D0F08F04F1240801206F464FF0000B02AE79
S315000031E00299002955D0C00702D0384600F05CFE8F
S315000031F0FEF75EF800F074FAFEF72FF894F8440034
S31500003200FF2808BF84F844B094F84500FF2808BF9B
S3150000321084F845B0FEF74CF83846314600F051FECA
S3150000322060B12046FFF7D4FE00F0B4FAFEF715F8B9
S31500003230A56BFEF73DF875B322E000BFFEF70DF86B
S31500003240A56BFEF735F82DB12046FFF7C1FE00F05D
S31500003250A1FA15E00299404600F042FD2046FFF72C
S31500003260B7FE00F097FA58B94EF60450CEF20000B9
S315000032704FF080510160BFF34F8FBFF36F8F00BFD8
S31500003280FDF7EBFFD4F838A00020BAF1000FA7D065
S3150000329076E7002497E7002497E749F2676049F24A
S315000032A0466249F2BF33C0F20000C0F20002C0F22B
S315000032B0000340F2E951FFF77BF949F2676049F2F2
S315000032C0466249F2F323C0F20000C0F20002C0F2E7
S315000032D0000340F2F251FFF76BF949F2676049F2D9
S315000032E0466249F25A73C0F20000C0F20002C0F210
S315000032F0000340F2ED51FFF75BF9D4D4B0B500B34B
S31500003300D1B141F2681E4FF0000CC2F2000E00224D
S31500003310002300BF0EEB02046568A8420DD023B956
S315000033202368002B18BF644623460832502AF1D181
S31500003330002B18BFC3E90010B0BD2346C3E9001037
S31500003340B0BD49F2676049F2AC1249F64A03C0F2D1
S315000033500000C0F20002C0F2000340F6C931FFF7D8
S3150000336027F970B515460E460446FDF776FF94F824
S315000033704400FF2804BF002084F8440094F8450068
S31500003380FF2804BF002084F84500FDF791FFA06BDD
S3150000339028B904F1240031462A4600F0C2FC204632
S315000033A0BDE87040FFF714BE2DE9F04F81B00B9DCC
S315000033B0002D00F0DE800C9C002C00F0EA80814697
S315000033C0682000900098682840F0F38000980E4628
S315000033D00A9F204668219846924602F0A2FA256383
S315000033E066B104F134000021725C42541AB10F290F
S315000033F001F10101F8D1002084F84300052F80F087
S31500003400E88005EB8A000438251D20F007062846CB
S31500003410E7626764FFF77DFA04F11800FFF779FAAF
S31500003420C7F10500216BA06130464A464346246138
S315000034306462FDF7B9FE2060FDF70FFF41F2DC1074
S31500003440C2F20000016841F2B81B01310160C2F20C
S31500003450000BDBF8001041F2C01A41F2E817C2F285
S31500003460000AC2F2000761B1DAF80000002841D173
S31500003470DBF80000E16AC06A884298BFCBF80040DA
S3150000348038E0CBF800400068012833D1002600BFA1
S31500003490B819FFF733FA1436642EF9D141F294289D
S315000034A0C2F200084046FFF729FA41F2A829C2F203
S315000034B000094846FFF722FA41F26820C2F20000EE
S315000034C0FFF71CFA41F2C410C2F20000FFF716FA29
S315000034D041F25020C2F20000FFF710FA41F28820B4
S315000034E0C2F20000C0F8008041F28C20C2F2000057
S315000034F0C0F8009041F2BC10C2F200000168013130
S31500003500016041F24C21C2F20001E06A0A68904271
S3150000351088BF086000EB800007EB80004068A06071
S315000035208168E1604D608560E06A00EB800007EB32
S315000035308001616157F82010013147F82010FDF72E
S31500003540B7FEDAF8000080B1DBF80000E16AC06A75
S3150000355088420AD24EF60450CEF200004FF0805157
S315000035600160BFF34F8FBFF36F8F204601B0BDE8F8
S31500003570F08F49F2E16049F2B46249F28223C0F267
S315000035800000C0F20002C0F2000340F2F141FFF772
S315000035900FF849F2E16049F2B46249F2E643C0F23B
S315000035A00000C0F20002C0F2000340F2F241FEF752
S315000035B0FFFF49F2E16049F2B46249F60823C0F21E
S315000035C00000C0F20002C0F2000340F2FA41FEF72A
S315000035D0EFFF49F2E16049F2015249F28143C0F23C
S315000035E00000C0F20002C0F2000340F26471FEF770
S315000035F0DFFFF0B581B00446FDF72FFE41F2B816A5
S31500003600C2F2000604B93468251D2846FFF7ADF955
S31500003610A06A18B104F11800FFF7A7F941F2BC102F
S31500003620C2F20000016841F2C01701310160C2F226
S3150000363000073068396881B184420ED141F2C41066
S31500003640C2F200002946FFF767F941F2D810C2F22C
S31500003650000001680131016018E041F2DC10C2F29D
S31500003660000001680139016041F28820C2F20000C1
S315000036700168096819B10068C068006801E04FF088
S31500003680FF3041F27C21C2F200010860FDF710FE16
S31500003690386898B13068844210D141F2E010C2F225
S315000036A00000006860B94EF60450CEF200004FF0FC
S315000036B080510160BFF34F8FBFF36F8F01B0F0BD34
S315000036C049F2E16049F20C7249F28C33C0F2000013
S315000036D0C0F20002C0F2000340F61411FEF768FFC4
S315000036E041F2E010C2F2000001680131016070474A
S315000036F02DE9F04381B00E4641F2E411C2F2000119
S315000037000D6841F28821C2F20001D1F8008041F231
S315000037108C2141F2B814C2F20001C2F20004D1F8C1
S31500003720009021680746081DFFF71FF9781C16D17F
S31500003730AEB141F25020C2F20000D0E90012236877
S3150000374001319A6093682768FB60276804375F60D9
S3150000375023680433936022680160506117E0206893
S31500003760ED194560206800F1040105D3484601B013
S31500003770BDE8F043FFF7DCB84046FFF7D9F841F261
S315000037807C20C2F2000001688D4238BF056001B09E
S31500003790BDE8F0832DE9F047FDF75FFD41F2E0104B
S315000037A0C2F200000168002900F0AC80016801390E
S315000037B00160006828B10024FDF77AFD2046BDE8C7
S315000037C0F08741F2DC10C2F2000000680028F2D057
S315000037D041F26820C2F20000016841F2642A41F217
S315000037E0B8190029C2F2000AC2F2000964D041F2F7
S315000037F04C2241F2E8130021C2F20002C2F2000399
S315000038004FF0010CC768FC68D4E90775A66ABD606D
S31500003810E7696F60776804F11805AF4201D1276A3E
S315000038207760A1623768013F3760D4E9026567694E
S31500003830B560A6686E607D68261DB54201D1E56853
S315000038407D6061613D68013D3D60E76A1568AF4294
S3150000385088BF176007EB870703EB87077F68A760BA
S31500003860BD68E5606E60BE60E76A07EB870703EB3D
S315000038708706666153F82760013643F82760E76AD2
S31500003880D9F80060F66AB74288BFCAF800C0076870
S31500003890002FB7D141F28820C2F200000168096802
S315000038A019B10068C068006801E04FF0FF3041F2CE
S315000038B07C21C2F20001086041F28428C2F20008AD
S315000038C0D8F8006056B1012400F028F908B1CAF80A
S315000038D00040013EF8D10020C8F80000DAF80000E8
S315000038E000283FF468AFD9F800004EF60450CEF237
S315000038F000004FF080510160BFF34F8F0124BFF3EA
S315000039006F8F59E749F2E16049F29E4249F6650335
S31500003910C0F20000C0F20002C0F2000340F68B7154
S31500003920FEF746FE80B580B141F2E011C2F2000119
S315000039300A6801320A600968012912D10021FFF7DD
S31500003940D7FEFFF727FF00B180BD4EF60450CEF23A
S3150000395000004FF080510160BFF34F8FBFF36F8FB0
S3150000396080BD49F2E16049F2EF7249F2E953C0F2D3
S315000039700000C0F20002C0F2000340F68E11FEF70E
S3150000398017FED4D480B541F2E010C2F20000006800
S3150000399030B141F26420C2F200000121016080BD15
S315000039A041F26420C2F20000002141F24C2C016079
S315000039B0C2F2000CDCF8001041F2E81301EB8102C0
S315000039C0C2F2000353F8220003EB820230B900BFB3
S315000039D0B9B152F8140D01390028F9D0506843687E
S315000039E002F108008342536001D1D3685360D8685E
S315000039F041F2B812C2F200021060CCF80010106852
S31500003A0080BD49F2E16049F26F2249F6A413C0F283
S31500003A100000C0F20002C0F2000341F2FA31FEF7E4
S31500003A20C7FDB0B58AB044F24940C4F24C500024F8
S31500003A30069005A804A903AA8DF81C40CDE9044404
S31500003A40FCF728FEDDE90320059DCDE9004044F2A0
S31500003A500920C0F2000006A900230295FFF7A4FC86
S31500003A6041F28020C2F20000056065B300F0E3FB7E
S31500003A70012811D0013026D149F2E16049F6510200
S31500003A8049F21063C0F20000C0F20002C0F2000367
S31500003A9040F6A961FEF78CFD41F27C21C2F20001DD
S31500003AA04FF0FF32012080F310880A6041F2C01106
S31500003AB0C2F20001086041F2E410C2F200000021E7
S31500003AC00160FDF789FB49F67870C0F200000068D6
S31500003AD00AB0B0BD70B541F2D814C2F20004206835
S31500003AE0D0B141F2C41541F2DC16C2F20005C2F2B1
S31500003AF0000600BFFDF7B1FBE868C0680430FEF7BA
S31500003B0034FF306801383060206801382060FDF7E6
S31500003B10CFFB20680028EDD170BDD4D42DE9F04745
S31500003B2041F2E010C2F20000006848B141F2842080
S31500003B30C2F200000168013101600020BDE8F08793
S31500003B4041F2E410C2F20000016841F27C2C4A1CEA
S31500003B50C2F2000C026022D341F28820C2F20000B9
S31500003B6001680968002940F09F8041F28C23C2F267
S31500003B70000301681F680760196041F29021C2F2D4
S31500003B8000010B6801330B600168096819B1006810
S31500003B90C068006801E04FF0FF30CCF80000DCF8A8
S31500003BA00000824201D2002074E041F2882AC2F26B
S31500003BB0000ADAF800004FF000090068002864D017
S31500003BC041F24C2E41F2E81441F2B818C2F2000E4E
S31500003BD0C2F20004C2F20008002000BFDAF800506A
S31500003BE0ED68EE68374657F8045FAA4250D3D6E927
S31500003BF0021375698B60B16859606968B94201D171
S31500003C00F1686960C6F81490296801392960B56AB7
S31500003C1085B1D6E907138B60F1695960696806F1C9
S31500003C201803994201D1316A6960C6F8289029685B
S31500003C3001392960F56ADEF800108D4205EB850131
S31500003C4088BFCEF8005004EB81014968B1608B68EB
S31500003C50F3605F608F60F16A01EB810104EB810321
S31500003C60736154F82130013344F82130F16AD8F8F1
S31500003C700030DB6ADAF80050994288BF01202968D3
S31500003C800029ABD14FF0FF3502E04FF0FF350020A1
S31500003C90CCF8005041F26421C2F200010968002903
S31500003CA018BF0120BDE8F08749F2E16049F254628D
S31500003CB049F2F913C0F20000C0F20002C0F200039C
S31500003CC041F25F21FEF774FC41F2E410C2F20000FB
S31500003CD00068704741F2DC10C2F2000000687047CD
S31500003CE010B570B10C4641F2B811C2F20001096874
S31500003CF01831FEF71DFE20460121BDE81040FFF7F2
S31500003D00F7BC49F2E16049F6340249F20463C0F2B5
S31500003D100000C0F20002C0F200034FF4A451FEF707
S31500003D2047FC10B550B341F2B81CC2F2000C034672
S31500003D30D0F804E0DCF80000002AC0F81CE0DEF849
S31500003D400800DCF800402062DCF8004004F11804AA
S31500003D504460DCF8000000F11800CEF80800DCF83A
S31500003D6000008362186818BF4FF0FF31441C0846F4
S31500003D7011461C60BDE81040FFF7BABC49F2E1608D
S31500003D8049F2AD4249F20463C0F20000C0F20002FB
S31500003D90C0F2000341F2BE41FEF70AFC80B5C068DE
S31500003DA0C068002870D0D0E90713826A8B60C169A9
S31500003DB05960536800F118018B4201D1036A5360C0
S31500003DC0002383621368013B136041F2E012C2F2E2
S31500003DD0000212688AB141F2682CC2F2000CDCE9DA
S31500003DE000E2C26193680362596091600EF10101BD
S31500003DF0C0F828C0CCF8001034E0D0E902134269BC
S31500003E008B60816859605368011D8B4201D1C3687C
S31500003E10536000234361136841F24C2C013B13604D
S31500003E20C2F2000CC26ADCF800309A4288BFCCF8B5
S31500003E30002041F2E81C02EB8202C2F2000C0CEBFD
S31500003E408202526882609368C36059609160C16A59
S31500003E5001EB81010CEB810242615CF82120013209
S31500003E604CF8212041F2B811C2F20001C06A09687B
S31500003E70C96A884291BF002041F26421C2F2000162
S31500003E80012088BF086080BD49F2E16049F2CD4259
S31500003E9049F2CB33C0F20000C0F20002C0F20003C8
S31500003EA041F2F541FEF784FB41F29021C2F2000196
S31500003EB00968016041F2E411C2F20001096841603B
S31500003EC0704770B568B30D46D9B30446FDF7C5F91A
S31500003ED041F2E41EC2F2000EDEF8003029684A1CE8
S31500003EE016D041F2902CC2F2000CD4E90002DCF8A4
S31500003EF00060864201D093420CD29A1A914209D9A7
S31500003F00881A2860DCF800002060DEF80000606097
S31500003F10002402E0002001242860FDF7C9F92046AC
S31500003F2070BD49F2E16049F2B37249F23D43C0F215
S31500003F300000C0F20002C0F2000341F2A551FEF7F4
S31500003F4037FB49F2E16049F2B37249F21653C0F207
S31500003F500000C0F20002C0F2000341F2A651FEF7D3
S31500003F6027FB41F26420C2F2000001210160704784
S31500003F7041F2B810C2F200000068704741F2C0106A
S31500003F80C2F20000006850B141F2E010C2F2000037
S31500003F90006800284FF0000008BF0220704701208B
S31500003FA0704710B3F0B581B041F2B817C2F20007FE
S31500003FB00446C06A3968C96A884218D2A1690029CC
S31500003FC004D43968C96AC1F10501A16141F2E81654
S31500003FD0616900EB8000C2F2000606EB80008142B8
S31500003FE00ED03868C06AE0622EE000207047606C30
S31500003FF03968C96A88424FF0000038BF012024E0C2
S31500004000251D2846FEF7B1FC386841F24C21C06AEE
S31500004010C2F20001E0620A68904288BF086000EBC5
S31500004020800006EB80004068A0608168E1604D601A
S315000040308560E06A00EB800006EB8001616156F85E
S315000040402010013146F82010012001B0F0BDB0B5B6
S31500004050002840D0044641F2B810C2F200000068C1
S3150000406084423AD1A06C002847D00138A0644FF0B2
S31500004070000018BFB0BDE16A626C91422AD0251DCE
S315000040802846FEF772FC606CC0F10501A16141F2A1
S315000040904C21E062C2F200010A68904288BF0860C3
S315000040A041F2E81100EB8000C2F2000101EB800052
S315000040B04068A0608268E26055608560E06A00EB57
S315000040C0800001EB8002626151F82020013241F844
S315000040D020200120B0BD0020B0BD49F2E16049F2C8
S315000040E0BF5249F24743C0F20000C0F20002C0F2DC
S315000040F0000341F62821FEF75BFA49F2E16049F236
S31500004100BF5249F68003C0F20000C0F20002C0F2BE
S31500004110000341F62921FEF74BFA70B528B3044691
S31500004120806C002845D0626C8A4288BF11460128FF
S315000041301BD1E06A884218D041F2B812C2F20002DE
S315000041401268944245D0A269E162002A02D4C1F104
S315000041500501A16141F2E816616900EB8000C2F237
S31500004160000606EB8000814200D070BD251D284662
S31500004170FEF7FBFB41F24C21C2F20001E06A0A683D
S31500004180904288BF086000EB800006EB8000406824
S31500004190A0608168E1604D608560E06A00EB8000A8
S315000041A006EB8001616156F82010013146F82010B7
S315000041B070BD49F2E16049F25D4249F68003C0F202
S315000041C00000C0F20002C0F2000341F68621FEF7AD
S315000041D0EFF949F2E16049F25D4249F2FA73C0F241
S315000041E00000C0F20002C0F2000341F6A121FEF772
S315000041F0DFF941F2B810C2F20000006810B1816C1C
S31500004200013181647047D4D441F2E8144EF6045566
S31500004210C2F20004CEF200054FF08056FFF75AFCBA
S315000042202068022822BF2E60BFF34F8FBFF36F8F27
S31500004230FDF798F8F2E780B586B000F03BF841F25A
S31500004240BC20C2F20000006820B30020CDE90400C3
S3150000425005A804A903AAFCF72AFADDE9032003212D
S31500004260DDF814C0CDE9001044F2313049F657119B
S31500004270C0F20000C0F200010023CDF808C0FFF72D
S3150000428093F841F2C021C2F20001086010B101208A
S3150000429006B080BD49F29F2049F68E1249F224539A
S315000042A0C0F20000C0F20002C0F200034FF4A37196
S315000042B0FEF77EF970B582B0FCF7CFFF41F2BC265F
S315000042C0C2F20006306868BB41F2D024C2F2000494
S315000042D02046FEF713FB41F2E425C2F2000528460C
S315000042E0FEF70CFB41F2C420C2F20000046041F26A
S315000042F0C820C2F2000041F2403241F2F8230560C4
S315000043000025C2F20002C2F200030A200C21009529
S31500004310FEF79BFB306028B149F2DC21C0F20001B8
S31500004320FEF7ECFF02B0BDE87040FCF7C1BFD4D485
S3150000433084B041F2C42841F2BC25C2F2000801ACA7
S31500004340C2F200054FF0000BEA4600BFD8F80000A5
S31500004350D0F80090B9F1000F02D0C068066800E0FE
S315000043600026FFF7BDF9204600F0A2F8019919B121
S31500004370FFF710FA2EE000BF0746B9F1000F08D08C
S31500004380BE4206D8FFF706FA3046394600F0BBF8BB
S3150000439020E0B9F1000F01D0002208E041F2C82068
S315000043A0C2F2000000680068B0FA80F0420928688E
S315000043B0F11BFEF7D6FFFFF7EDF958B94EF604509C
S315000043C0CEF200004FF080510160BFF34F8FBFF374
S315000043D06F8F00BF2868CDE902BBCDF804B000BFDF
S315000043E021460022FEF7B0FE0028AFD00198002833
S315000043F04CD4039E706910B1301DFEF7B6FA5046D4
S3150000440000F056F80199013908293FD80746DFE838
S3150000441001F005051C231C05051C230096F8240045
S31500004420029BB16940F0010086F824001944304629
S315000044303A4600F0A0F848B396F8240041071BD48A
S3150000444000F0FA0086F824001DE096F8240000F03B
S31500004450FE0086F8240019E096F8240040F00101D9
S31500004460029886F82410B06190B1C11930463A46D8
S315000044703B4600F080F809E00298B1693A460144EB
S31500004480304600F061F8316A304688472868A7E769
S3150000449049F29F2049F6F40249F62123C0F20000B2
S315000044A0C0F20002C0F200034FF48261FEF780F80A
S315000044B0F0B581B00446FFF707FC41F2CC26C2F204
S315000044C000063168054688420ED241F2C427C2F280
S315000044D0000700BF3868016841B1C0684FF0FF317E
S315000044E0006800F010F8F5E7002007E041F2C82167
S315000044F0C2F200010A68086001203A60206028467E
S31500004500356001B0F0BD70B541F2C422C2F20002BE
S3150000451012680646D2680D46D468201DFEF725FAB5
S3150000452094F82400410704D400F0FA0084F824002B
S3150000453004E0204631462A4600F006F8216A204665
S31500004540BDE870400847D4D470B505468069144666
S315000045500E460144284600BF334600F00CF848B129
S31500004560A869296A064428468847A8692246811907
S315000045702846F1E770BD8C46014641F804CF9445C4
S31500004580006108D941F2C4209A42C2F200000AD260
S315000045909C4508D30DE08069D21A824209D241F2C5
S315000045A0C820C2F2000080B50068FEF7C1F90020FD
S315000045B080BD01207047D4D42DE9F04381B02DEDA4
S315000045C00C8B90B09FED953A9946F4EE432A9046AF
S315000045D0B0EE608A0F46F1EE10FA054606DD9FED55
S315000045E0903AF4EE432AF1EE10FA0FD488EE011A4F
S315000045F09FED8C3A81EE031A9FED8B3A31EE031A4A
S315000046009FED8A3A31EE811A71EE032A9FED889A60
S315000046109FED881A82FE893AB4EE413A82FE092A53
S31500004620F1EE10FAB4EE412A31FE03AAF1EE10FAC9
S3150000463010EE100AC9ED102A31FE02BA00F041FF51
S3150000464041EC100B03F0B8FB51EC100B00F0D5FF5A
S31500004650296E0CEE100A042905F130064FF000040D
S3150000466010D200BF385900F02CFF41EC100B03F0BC
S31500004670A3FB51EC100B00F0C0FF30510434242C86
S31500004680F0D134E0B6EE00DA385900F01AFF41EC0A
S31500004690100B03F091FB51EC100B00F0AEFF31193B
S315000046A091ED000A01EE100A31EE401A21EE0D1AC4
S315000046B0043431EE000A242C81ED000AE4D195ED94
S315000046C0150A95ED161A3CEE403A23EE0D3A95ED95
S315000046D0172A33EE00CA3BEE410A20EE0D0A30EEF1
S315000046E001BA3AEE420A20EE0D0A30EE02AA286E10
S315000046F000213C2885ED15CA85ED16BA85ED17AA69
S31500004700C5F8801012D88ECE28468EC096E89E0038
S315000047109FED491A9EC095ED100A85ED09CA81EEF6
S31500004720009A85ED0ABA85ED0BAAD2E1B0F5167F9F
S315000047302CD995ED091A9FED410A3CEE411AB4EECB
S31500004740401AF1EE10FA21DB95ED041A95ED102AC8
S3150000475032EE411AB4EE401AF1EE10FA16DB0022E0
S315000047606B1893ED001A93ED0C2A043132EE411AC0
S31500004770B4EE401AF1EE10FAA8BF01322429EFD1A7
S31500004780D1B206294FF0000188BF012195ED040A38
S3150000479095ED101AB4EE401AF1EE10FA0DDA9FED0F
S315000047A0280A49F67C720021C0F20002535898424A
S315000047B006D904310C29F9D14CE011B301266CE07D
S315000047C0002945D049F68877C0F200070F44114406
S315000047D051F8041C17ED010A97ED001A5A1A02EE59
S315000047E0102A31EE401AB8EE422A81EE021A401A19
S315000047F002EE100AB8EE422A21EE021A31EE000A43
S3150000480028E08ECE28468EC096E89E009EC085ED96
S3150000481009CA85ED0ABA85ED0BAA3DE000008CC3F6
S3150000482000247449A306533B8D479BC3EC51B8C083
S31500004830000000000000C842CDCCCC3DA69B443A07
S315000048400EA21138F99E01C271883342CCBC8CABE2
S31500004850B7EE000A00208DED060A00BF291891ED7B
S31500004860001A91ED0C2A043032EE412A20EE022A7B
S3150000487032EE011A242881ED001AEFD195ED092AAE
S3150000488095ED153A95ED101A33EE423A20EE030AED
S3150000489030EE020A85ED090A002695ED140AB7EEF8
S315000048A000CA80EE010A1FED191A1FED192A80FEB3
S315000048B00C0A20EE010A30EE020A00F045FD1FED5B
S315000048C01DDA0120002106AA002300BFEF1897ED8C
S315000048D0001A97ED0C2AD71831EE421AB4EE4D1A8B
S315000048E0F1EE10FA03F1040398BF0846242B87ED76
S315000048F0001AEBD18CEE001A9DED0ABA30EE412A71
S3150000490030EE010A82EE000A9FEDF21A9FEDF22ABE
S3150000491020EE010A30EE020A80FE0C0AB1EE041AFD
S31500004920B4EE410AF1EE10FA31FE00AA000600F0DC
S31500004930A780686B02A90F9006A800F0D3FC95ED3E
S315000049400A0A95ED161AB0EE49CA30EE412AB4EEBF
S315000049504D2AF1EE10FA11D506A804A98DED060A26
S315000049608DED071A00F058FC9DED040AB7EE041A07
S315000049709FEDD72A20EE010A80FE02CA95ED0BDADA
S3150000498095ED170A8DED04CA3DEE400A10EE100AA9
S3150000499000F097FD9FEDCA0B53EC102B00F044FE80
S315000049A0B0EE490A40B306AF05A938468DED06DAE2
S315000049B08DED07DA00F052FC9DED050AB7EE04CA4C
S315000049C09FEDC3DAE86AE96D20EE0C0A80FE0D0A57
S315000049D0CDE9060103A938468DED050A00F03EFC37
S315000049E09DED030A9DED051A20EE0C0A80FE0D0AC8
S315000049F09DED04CA30EE410AB4EE4C0AF1EE10FA0F
S31500004A008DED030A30FE0C0A3BEE400A80FE090AD1
S31500004A1005A801A98DED050A00F042FC9DED020AEC
S31500004A209FEDAE1A9DED012A80FE010A82FE011A53
S31500004A30B6EE002A2AEE011A20EE020A30EE019A9C
S31500004A4000EE108A9FEDA61A4FFA88F0B8EE400ADB
S31500004A5030EE011A002820FE010A10EE100A00F0BE
S31500004A6030FD41EC110B9FED980B03F041FC51EC2E
S31500004A70100B00F0C2FD00EE100A29EE009A28E0A5
S31500004A80B4EE4DBA0020F1EE10FA58BF012086F0C0
S31500004A9001019FED949A08431BD19FED930A9FED68
S31500004AA0931A2BEE000A30EE010A00F04DFC8CEE54
S31500004AB0001A30EE412A30EE010A82EE000A9FED1E
S31500004AC08C1A9FED8C2A20EE010A30EE020A85ED43
S31500004AD0200A9FED840A9FED88AA89FE00BA2BEE74
S31500004AE00A9AB0EE490A00F02DF9286E012808D17D
S31500004AF0B0EE490A85ED1EBA00F024F995ED1E1AAE
S31500004B0013E095ED1E1A95ED1F2A9FED7C3A3BEEBC
S31500004B10414A30EE420A24EE034A20EE030A34EEFE
S31500004B20011A30EE020A85ED1E1A21EE0A2A85EDDB
S31500004B301F0A89ED110A89ED122A89ED131A95F8D3
S31500004B40980068B1002085F898000020C4F2C830AB
S31500004B509FED6B0A85ED199A85ED1A9A68679BE0B9
S31500004B6095ED190A9FED672A39EE405A95ED1A1A06
S31500004B7025EE022A32EE000A9FED632A39EE415AEB
S31500004B8025EE022A32EE011A9FED605A95ED1B3A88
S31500004B9030EE412A32EE055A33EE055A9FED4C3A75
S31500004BA09FED5B6A85FE035AB4EE465AF1EE10FAA3
S31500004BB036FE055A9FED576A95ED1C4A32EE066A97
S31500004BC034EE064AB5EE404AF1EE10FA9FED526A0F
S31500004BD033FE044A84FE064A9FED506A85ED190AA3
S31500004BE0B4EE462AF1EE10FA85ED1A1A85ED1B5A37
S31500004BF085ED1C4A32DC9FED4A6AB4EE465AF1EE68
S31500004C0010FA2BDC9FED473AB4EE432AF1EE10FA88
S31500004C1006DD9FED453AB4EE434AF1EE10FA19DC93
S31500004C209FED423AB4EE431AF1EE10FA12DD80EE31
S31500004C30010A95ED1D1A9FED3F2A31EE021ABFEECD
S31500004C40002A30EE020A9FED3C2A20EE010A20EEF1
S31500004C50023A03E09FED360A22EE003A95ED1D0A70
S31500004C609FED361A9FED262A33EE000A29EE011A29
S31500004C709FED333A31EE021AB4EE431AF1EE10FA12
S31500004C8033FE011A80FE020AB4EE410AF1EE10FA72
S31500004C9031FE000A85ED1D0A89ED140A286989EDA1
S31500004CA00F8AC9F83800286E3D284FF0000038BF3B
S31500004CB0012010B0BDEC0C8B01B0BDE8F08300BF45
S31500004CC011EA2D81999771BD000000E07EAEF03F9C
S31500004CD0000000009F33E5BF4A014340BD378635DB
S31500004CE0000080C327A0093C3EE796BF38DC91BF91
S31500004CF08716AF42E5908F42D7A3F03F9AE4C23DB4
S31500004D000000C843B6A0453CA14C343CB9B751BCE1
S31500004D10CDB1A93493F9283A060DFABCB9B7513C7E
S31500004D20FF02D72C93F928BAC4359DB86F12833A7F
S31500004D302C923A420000C8C37FE57B3DFF440E47F4
S31500004D4000409C4510B52DED028B9FED241A49F6C7
S31500004D50AC700824C0F20000011991ED002AB4EEEF
S31500004D60420AF1EE10FA03D5043C211D2FD0F3E7D9
S31500004D7049F69470C0F20000204490ED008A49F68E
S31500004D80A070C0F20000204490ED001A30EE420AF6
S31500004D9021EE000AB7EE001A30EE010A10EE100AF4
S31500004DA000F08FFB41EC100B03F006F851EC100BF2
S31500004DB000F023FC00EE100A49F6B870C0F20000BD
S31500004DC0204490ED001A28EE000A30EE011AB7EEE4
S31500004DD0000A81FE000ABDEC028B10BD0000000037
S31500004DE070B52DED0A8B0546006E9FED7F1A49F6CC
S31500004DF0D8720E46B0EE608A0021C0F2000200BFF3
S31500004E005358984203D904311429F9D121E0F1B15C
S31500004E1049F6C474C0F200040C44114451F8041C51
S31500004E2014ED011A94ED002A5A1A03EE102A32EEF6
S31500004E30412AB8EE433A82EE032A401A03EE100ADC
S31500004E40B8EE433A22EE032A32EE011A01E0B7EE3B
S31500004E50001A95ED212A30EE423A21EE031A31EE80
S31500004E60021A81EE000A85ED211A10EE100A00F0F2
S31500004E7028FB41EC100B02F09FFF51EC100B00F0E9
S31500004E80BCFB9FED5A0A01EE100A81EE000A95ED71
S31500004E90231A9FED572A30EE410A20EE020A30EE21
S31500004EA0010AB0EE001A85ED230A30EE010A10EE73
S31500004EB0100A00F006FB41EC110B9FED490B03F0C5
S31500004EC017FA51EC100B00F098FB9FED4A9A00EE92
S31500004ED0100A80EE090A00F037FA95ED231A95EDCF
S31500004EE0242A21EE011A9FED453A31EE421A21EEAF
S31500004EF0031A31EE022AB1EEC21AB7EE00BA9FEDDE
S31500004F003EAA3BEE400A95ED25CA20EE0A0A85ED3B
S31500004F10220A85ED242AB4EE411AF1EE10FA50D693
S31500004F2095ED250AB3EE042A80EE020AB4EE401A85
S31500004F30F1EE10FA08DD95ED241AB1EEC10AB4EED1
S31500004F40400AF1EE10FA43D68CEE000A95ED231ACC
S31500004F5021EE400A00F0F8F930EE0B0A8BEE000A5B
S31500004F6030EE000A30EE0B0A10EE100A00F0A9FA35
S31500004F7041EC110B9FED1A0B03F0BAF951EC100B33
S31500004F8000F03BFB00EE100A80EE090A00F0DCF9A7
S31500004F903BEE400A9FED1A1A20EE0A0AB4EE410AC9
S31500004FA0286EF1EE10FA31FE000A3D284FF000009F
S31500004FB086ED150A38BF012086ED0F8ABDEC0A8BF7
S31500004FC070BDB0EE420A01F0D2FFB0EE401AA7E77C
S31500004FD0B0EE410A01F0CBFFB6E700BF00BF00BF4D
S31500004FE000000000000024400EA211383333333F86
S31500004FF09AE4C23DD1476DC400007A4468A1913855
S315000050000000FA43B0B504460020C4F2C830606719
S315000050100120002584F8980020466421C4E919552A
S31500005020C4E91B5500F07DFC4AF22700C3F609408F
S315000050304FF07E51C4E91E014CF28F20C3F6F540B5
S3150000504042F29B02C3F61A72C4E923500020C4E957
S315000050502151C4F89420B0BD2DE9F04F81B02DED5B
S31500005060028BDDF830801C689B4691460F468246CF
S31500005070022546466119384600F08CF80235A6EC42
S31500005080010A0E2DF6D108F118051226A119384687
S3150000509000F080F80236A5EC010A202EF6D19FED2D
S315000050A0360AB9F1000F05D0DBF8041011B14846F5
S315000050B000F070F888ED0D0A20889FED302A40BA7E
S315000050C001EE100ADAF86000B8EE411A013038BF76
S315000050D0CAF86000B7F8030021EE021A9FED282AED
S315000050E040BA31EE028A01EE100A9FED262AB8EE8A
S315000050F0411A81EE021AB879B6EE004A02EE100A9B
S315000051003869B8EE423A9BED022ADBED032A827932
S3150000511008F1080163EE041A5046F0EE480A4346C9
S31500005120FFF74AFA98ED060A04465046F0EE480A9A
S315000051304146FFF755FEBCB998ED040A9FED121AD9
S315000051409A20B4EE410AF1EE10FA0ED49FED0F1A32
S31500005150B4EE410AF1EE10FA07DC9FED0D0AB4EE4B
S31500005160408AF1EE10FA00DC204640B2BDEC028B1C
S3150000517001B0BDE8F08F00BF002474494617BF3A5E
S31500005180A38B7E410AD7234400007A43F9021550C7
S31500005190863876420B8841891ABAB1EB124F24BF82
S315000051A09FED1A0A704702895BBA9A429CBF9FED2F
S315000051B0180A704740789FED171A00EE100AB8EEED
S315000051C0400A581A20EE010A01EE100AB8EEC11A7A
S315000051D0D01A20EE010A01EE100AB8EE411A80EE4E
S315000051E0011A9FED0B0AB4EE401AF1EE10FAC8BF91
S315000051F070479FED062AB0EE410AB4EE421AF1EE70
S3150000520010FA48BFB0EE420A704700BF0000C8421D
S31500005210A5D4685300007A44B0B584B049F6EC7C56
S3150000522001AD0C46C0F2000C294602220323CDF83C
S3150000523000C000F0E5F828462946032200F0B0F841
S315000052404AF2100CC0F2000C284621460322012324
S31500005250CDF800C000F0D4F804B0B0BDB0B584B04D
S315000052604AF2200C01AD0C46C0F2000C294602227F
S315000052700323CDF800C000F0C3F8284629460322D0
S3150000528000F0AEF84AF2440CC0F2000C2846214663
S3150000529003220123CDF800C000F0B2F804B0B0BD7F
S315000052A0B0B588B04AF2540C02AD0C46C0F2000C00
S315000052B0294601220623CDF800C000F0A1F82846B1
S315000052C02946062200F06CF84AF2840CC0F2000C63
S315000052D02846214606220123CDF800C000F090F8AA
S315000052E008B0B0BDF0B591B04AF2A00607AD0F46C2
S315000052F0C0F2000629460A220A23009600F080F82A
S31500005300284629460A2200F04BF84AF2582402AEF3
S31500005310C0F20004284631460A220523009400F014
S315000053206FF830463146052200F03AF84AF2343535
S31500005330C0F200053046394605220123009500F0EB
S315000053405FF811B0F0BDD4D49FED121AB4EE410A45
S31500005350F1EE10FAC4BF9FED0E0A70479FED0F1ACB
S31500005360B4EE410AF1EE10FA44BF9FED0B0A704706
S3150000537080B510EE100A00F0A4F841EC100B01F015
S31500005380FBFD51EC100B00F038F900EE100A80BD61
S31500005390EDB19D7A0000A44222CB4F040000A4C2C6
S315000053A0E2B170B52DED028B14460D460646B7EEFA
S315000053B0008A00BFB6EC010AFFF7C6FF88EE001AA6
S315000053C0013C30EE412A30EE010A82EE000AA5ECDD
S315000053D0010AEFD1BDEC028BBDE870407047D4D412
S315000053E052B19FED060A00BFB0EC011A013A81FEE8
S315000053F0001AA1EC011AF7D1704700BF00000000A7
S3150000540003B370B5DDF810C04FF0000EBCEC010A16
S3150000541001EB8E041546064684ED000A62B100BF14
S31500005420BCEC011AB6EC012A013D21EE021A31EE5E
S31500005430000A84ED000AF3D10EF1010E9E45E5D176
S31500005440BDE87040704710EE100A0246C0F3C7511F
S315000054506FF3DF5239B1FF291ED14FEAD20C520742
S3150000546040F2FF7324E0FAB1B2FA82F1C1F10B0304
S31500005470B1F10B0C22FA03F358BF02FA0CF383F4D2
S31500005480801C40F28933A3EB010301F1150102FAF6
S3150000549001F258BF00220BE0C30D4FEAD20CDBB27B
S315000054A0520703F5607303E000224FF0000C00235F
S315000054B000F0004040EA035040EA0C0040EC102B9C
S315000054C0704780B500EE100AFFF7BDFF51EC100BD8
S315000054D080BDB0B554EC102B2146C4F30A536FF3CC
S315000054E01F51A3F28130FD2809D8500F40EAC101AF
S315000054F022F06040B0F1805F16D9013118E052EA1F
S3150000550001000AD040F2FF70834206D1500FFF22FD
S3150000551040EAC10040F4800116E040F27E4083423A
S315000055201AD9FF2200210FE004BF01F00100014457
S315000055300020B0EBD15F4FF6804018BF0021CFF6B8
S31500005540FF7018BF0130C21804F0004040EAC25094
S31500005550084300EE100AB0BD40F2813E002B18BF92
S3150000556001F5801108BF4FF4607EAEEB030CBCF171
S31500005570340F02DD00210022E6E79E4501D100231B
S3150000558015E0CCF14005DCF12000C5F1200301FA5D
S3150000559005FE22FA03F343EA0E0358BF02FA00F3AC
S315000055A002FA05F058BF0020034318BF012322FA70
S315000055B00CF0CCF1200201FA02F21043BCF12002F9
S315000055C058BF21FA02F021FA0CF14FEA507258BF87
S315000055D0002120F0604042EAC1011843B0F1805F2B
S315000055E001D9013103E004BF01F001000144CA0DF5
S315000055F01CBF81F400010122A6E780B541EC100B27
S31500005600FFF767FF10EE100A80BDD4D410B541EC49
S31500005610100B43EC112B00F03EF8002801D00020BF
S3150000562010BD012010BD00BF10B541EC100B43ECBE
S31500005630112B00F030F8002801DB002010BD0120FE
S3150000564010BD00BF10B541EC100B43EC112B00F060
S3150000565022F8002801DD002010BD012010BD00BF8A
S3150000566010B541EC100B43EC112B00F045F8002867
S3150000567001DA002010BD012010BD00BF10B541ECBD
S31500005680100B43EC112B00F037F8002801DC00204A
S3150000569010BD012010BD70B55EEC102B0025012059
S315000056A0C7F6F0752EF00041534275EB010322D385
S315000056B05CEC113B2CF000445E42A5411BD343EA4F
S315000056C002002143084309D01CEA0E0008D4D01A70
S315000056D07EEB0C0008DA4FF0FF3070BD002070BD85
S315000056E0981A7CEB0E00F6DB82EA03008EEA0C01C8
S315000056F0084318BF012070BD70B55EEC102B002565
S315000057004FF0FF30C7F6F0752EF00041534275EBAF
S31500005710010322D35CEC113B2CF000445E42A54110
S315000057201BD343EA02002143084309D01CEA0E00BA
S3150000573008D4D01A7EEB0C0008DA4FF0FF3070BDAB
S31500005740002070BD981A7CEB0E00F6DB82EA03009F
S315000057508EEA0C01084318BF012070BD2DE9F04701
S31500005760DDF820E0844681B1CAB153B3B1FA81F4C1
S31500005770B3FA83F52C1B202C47D3BEF1000F18BFBC
S31500005780CEE900C14FF0000CB6E09BB30021BEF19C
S31500005790000F18BFCEE900C14FF0000CADE0002BA2
S315000057A078D0002877D05C1E234200F09880B1FAAA
S315000057B081F4B3FA83F52C1B1F2CDED204F1010C05
S315000057C02EE0541E224271D0B1FA81F7B2FA82F667
S315000057D0F71B07F1210CBCF1200F1BD0BCF11F0FEA
S315000057E000F28E80CCF1200620FA0CF401FA06F5C0
S315000057F025431CE0B0FBF2FCBEF1000F1EBF0CFB04
S3150000580012000021CEE9000176E004F1010CBCF1A2
S31500005810200F05D14FF0000A4FF0200C0D4609E08D
S31500005820C4F11F0620FA0CF501FA06F4254321FA05
S315000058300CFAB0404FF000084FF000094FEA4A0456
S3150000584044EAD5776C0044EAD076B51A67EB030ACA
S31500005850F443F943A4184FEA400059415CBFBA46E5
S31500005860354640EAD87049EA4808CF0FBCF1010C2A
S31500005870B946E3D14FEAD871BEF1000F41EA4001C3
S315000058804FEA480020F0010018BFCEE9005A07EBA6
S31500005890000C32E031E0B1FBF3FCBEF1000F1EBF9D
S315000058A00CFB13100021CEE9001025E0BEF1000F1D
S315000058B01EBF00230440CEE90043012A1DD092FA00
S315000058C0A2F24F00B2FA82F202F01F03D140D84092
S315000058D01F23934307FA03F343EA000C0DE0BEF1DE
S315000058E0000F1CBF04EA0100CEE900C093FAA3F042
S315000058F0B0FA80F021FA00FC00216046BDE8F0878E
S31500005900CCF14006ACF120044FF0000A01FA06F78C
S3150000591020FA04F52F4300FA06F821FA04F5384672
S315000059208AE70A46002100F009B810B500239A421A
S3150000593003D0CC5CC4540133F9E710BD00239A426E
S3150000594008BF7047C1540133F9E7D4D4034613F8AE
S31500005950012B002AFBD1181A0138704710B50549EA
S315000059600446054AFFF7E1FF044805492044FFF7CE
S31500005970D8FF10BD6001000000000000000000001C
S31500005980000000000249401A02490860704700BF43
S3150000599008000000B813002081B070B589B00C462D
S315000059A0104901914FF400310026009101190D9321
S315000059B0CDE90666002CCDE902661546049018BFAF
S315000059C0481E48BF002005900DAA68462946089241
S315000059D000F012F80CB104990E7009B0BDE87040E1
S315000059E001B07047E9590000D1E904239A421EBF6D
S315000059F0531C0B61107070472DE9F04F95B082462D
S31500005A0080781492800740F18B84DAF8040000272E
S31500005A100C90149813900DA8821D0692421E053014
S31500005A200892099007910B910B9A114611F8010BF8
S31500005A30252803D0002800F0758404E05578961CCC
S31500005A40252D09D131460C9A0B91514690470137C5
S31500005A500028E9D500F05EBC00224FF000080024C3
S31500005A604FF0000B1FFA8BF9B9F11F0F0DD8A5F1F6
S31500005A70270009282DD8DFE800F09F0B0B0B050B3C
S31500005A80650B0B624BF0020B53E0B9F17F0F12D896
S31500005A90A5F13000092823D8B9F1400F27BF08EB3C
S31500005AA0880100EB410804EB840100EB410438BF98
S31500005AB04BF0200B80E04C2D3ED0682D45D06A2D52
S31500005AC03AD07A2D18BF742D76D06C2D40F05382C3
S31500005AD042E0202D2DD0232DDAD14BF0100B6BE0B8
S31500005AE0242D47D07A2D67D02E2D3CD04C2D23D097
S31500005AF0682D2AD06A2D1FD06C2D2DD0742D5BD029
S31500005B002A2D40F03882002A56D11398011D139190
S31500005B100068B9F13F0F4DD8B0F1FF3FDDBF4BF044
S31500005B20280B444200224BF0200BC4BF002204463F
S31500005B3042E04BF0040B3FE04BF4207B3CE04BF0A3
S31500005B40010B39E04BF0080B36E00BF480704BEAA2
S31500005B50400040F4807B2FE00BF080004BEA800091
S31500005B6040F0800B28E0B9F13F0F00F2DB834BF0E9
S31500005B70400B21E0BAB11498154642461390B9F18C
S31500005B80400F38BF2246079813A900F0D5FB13989B
S31500005B902A46B9F1400F00F104011391006834BFA1
S31500005BA00446804608E022464FF0000800244FF0E5
S31500005BB0000B01E00022804616F8015B002D7FF401
S31500005BC051AF0A94002534462AB1149813900798C9
S31500005BD013A900F0B1FB45F0200028EAE879B8F1F6
S31500005BE0000FA0F1650148BF2BF0400B03290B9471
S31500005BF001D3612835D11399461B073121F00701DE
S31500005C00612801F10802139291ED000B18D15FEAA9
S31500005C104B6058BF4FF0FF39F2B20DA8494600F06D
S31500005C2073FC00F101084BF4C05B4FF0010C5FFA06
S31500005C3088F08145D8BFA0F101097020049041E0A9
S31500005C405FEA4B6158BF4FF00609C1B266291ED004
S31500005C50652824D165204BF4805B09F101010023FE
S31500005C6024E0A5F16F01062957D808234FF0000E4E
S31500005C70DFE811F0E0010700DA01DA019F01DA013D
S31500005C8097014BF0100B10234FF0780ED2E16620EF
S31500005C904BF4005B0122049011214B4608E05FEAB9
S31500005CA00961494608BF01210023023804900022F9
S31500005CB0C9B2112928BF11210DA800F0E1FC8046C8
S31500005CC04FF0020C0D9B13F1090F08DA13F1630F65
S31500005CD00FD213F57A7F09D84FF0040C0BE0092B8D
S31500005CE009DD632B05D9B3F57A7FF5D24FF0030CA6
S31500005CF001E04FF0020C9DF838101FFA8BF4C8072C
S31500005D0007D15FEA8B7206D462071DD400200125F5
S31500005D101CE02D2019E02B2017E0692D18BF642DFB
S31500005D2040F02B811FFA8BF05FEA0B6100F13081A6
S31500005D3013990A1D13920A68C10540F13081800546
S31500005D4054BF12B252B22AE12020002511F00C0FE6
S31500005D5018D00423002D18BF03230A9A9A4226DD81
S31500005D605FEA0B7125D49C1AA846054600F0B9FBDC
S31500005D70002800F1CF8201370134F7D328460024EA
S31500005D80454617E01BF4405F039543D1B9F1010F77
S31500005D9098BF4FF001095FFA88F139B3099A0A44AE
S31500005DA012F8012C302A21D1A8F10108F3E70024CA
S31500005DB000E0D41A2DB900F0A4FB002800F1AA8255
S31500005DC001379DF83800DFF86C550007DFF86005ED
S31500005DD058BF05462878002800F08F82801B00F007
S31500005DE08CFB013701350028F4D593E2E20648BF63
S31500005DF0494613F1040F0BDB4B4509DA8B424BF492
S31500005E00005BAEBF4FF00009DA4301EB020901E087
S31500005E10A1F101091FFA8BF15FEA8B42B6464FEA00
S31500005E20015B0591029307D40521BBF1000F58BF12
S31500005E30032101EB0C0602E023EAE3714E1C09F193
S31500005E400101B9F1000F059D08BFC5F30011039AC2
S31500005E500A9C82F001028B183344E41A4FF00003C7
S31500005E60D8BF1C4615F0090FCDF804C011D184B176
S31500005E70054688190A9910447646441A00F031FB03
S31500005E80002800F1478201370134F7D30024284661
S31500005E9000E07646039929B900F033FB002800F1AB
S31500005EA039820137BBF1000F0CD500F022FB002828
S31500005EB000F13082C6F1780000F01FFB002800F1E7
S31500005EC0298202370598000709D444B1274400F017
S31500005ED010FB002800F11E82013CF8D10024059831
S31500005EE0800426D49DF8390051460C9A9047002824
S31500005EF000F11082B9F1010FC0F2DA8000F0F5FA74
S31500005F00002800F1078209EB07005FFA88F500F127
S31500005F10020B0020814500F0A681471CAF423ABF24
S31500005F200699085C302000F0ECFA00283846F1D5D6
S31500005F30F0E10298C9F100095FFA88F820EAE076F4
S31500005F40851B701C05D100F0D0FA002800F1E28113
S31500005F5001373020002D03D44545BCBF0998405D6C
S31500005F6051464E454CDD0C9A904701350137013EAE
S31500005F700028E6D5CEE10A9425E6632D54D1139880
S31500005F800126011D139100688DF834000DAD22E045
S31500005F908005139800F1A480011D13910268D317A0
S31500005FA0A6E04FF6EF700BEA000B0A234FF0750ED2
S31500005FB040E01398011D13910568DC48002D08BFC9
S31500005FC005465FEA4B6058BF4FF0FF392846494601
S31500005FD000F040FB06465FEA0B7070D40A98B046A4
S31500005FE0B04238BF8046B0426BD90C9A0446202096
S31500005FF051469047002800F18D81601E0137F2E777
S315000060000C9A9047002800F18581781C0599C906ED
S3150000601040F11481002E40F0118100F066FA00284C
S3150000602000F17881023768E1782840F00981C5F1EE
S315000060308803AE464FF6F9700BEA00055FEA0B607F
S315000060400AD41398011D13910068E9050AD5A9051C
S3150000605054BF80B2C0B205E0A805139804D4011D50
S3150000606013910068002107E0073020F007010A4677
S31500006070496852F8080B139250EA010208BF2BF048
S31500006080160508D00DAE7446324600F0FFF9861BA1
S31500006090AC46254646E05FEA4B62F3D5B8F1010F00
S315000060A0F0DA4FF6E9700BEA000C0026754639E087
S315000060B00598C00600F1D18007F1010BD3E0DDF8A9
S315000060C028803744A8EB0604002E00F0168115F848
S315000060D0010B51460C9A9047013E0028F4D519E170
S315000060E0073020F007000146436851F8082B13914A
S315000060F05846002B48BF40F4806020F0100C82EA1E
S31500006100E37083EAE371B0EBE37061EBE3711A438A
S3150000611000F08A800DAC0A236646224600F0B6F9E6
S31500006120B446061B5FEA4C6002D4614630460BE07B
S315000061304FF6FE700CEA000130464E4504DA48463A
S31500006140002D08BF2CF011011FFA81FBC90606D4E9
S3150000615040F2064111EA0B0118BF012103E00221BA
S31500006160002D08BF01210C185FEA0B701CD45FEAF2
S31500006170CB7001D10A9907E00A99B1468C42BEBF9D
S315000061807018A0EB04090C46A046A142C8BF884679
S315000061900A98844207DA00F0A4F9002800F1BA80D0
S315000061A001340137F4E744465FEACB6014D440F289
S315000061B006401BEA000F1FD05FEA8B704FF02B00E2
S315000061C058BF20205FEA4B5148BF2D2000F099F9B7
S315000061D0002800F19F800EE000F08BF9002800F106
S315000061E0998045B10C9A284651469047002800F1FF
S315000061F09180023700E001370A983744041BB14505
S315000062000FDD00F076F90137A9F101090028F6D56E
S3150000621080E0089851460C9A805D9047013E002820
S3150000622078D4002E69D0F4E75FEA4B627FF572AF4F
S31500006230B8F1010FBFF66EAF002673E707465CE0C4
S315000062400C9A252051469047002863D40C9A28467C
S31500006250514690470237FFF7FBBB00F046F900288E
S3150000626058D407F1020B049851460C9A801BC0B211
S31500006270904700284ED4029E2B205146002E48BF40
S315000062802D200C9A9047002E00D57642002841D446
S315000062900198042812D34FF47A700C9AB6FBF0F5E5
S315000062A0514605F13000C0B29047002832D44FF471
S315000062B07A7005FB10610BF1030504E00BF1020592
S315000062C03146032823D1642000F002F9002821D4A6
S315000062D06420013506FB10710A2000F0F9F8002849
S315000062E018D406EB86000135A7EB400101F130001A
S315000062F000F003F900280DD46F1C012CFFF694ABB7
S3150000630000F0EFF80137013C0028F6D502E002283C
S31500006310E2D2EBE79AF8020040F004008AF80200A5
S315000063204FF0FF37384615B0BDE8F08F549A00009D
S31500006330A19500005F9900002DE9F0438946524976
S315000063404FF001084FF0010C0546944580F2998004
S315000063502B4613F8014B252C03D01D46002CF7D1F4
S315000063608FE0AF1C6B783D46252BF1D000264FF011
S31500006370000E00251F2E08D8A3F12004102C06D8E5
S3150000638008FA04F40C4202D042E07F2E0AD8A3F1A8
S315000063903004092C13D805EB850346F0200604EBE0
S315000063A0430535E04C2B23D0682B24D06A2B1FD015
S315000063B07A2B18BF742B2BD06C2B34D122E07A2B7E
S315000063C026D02A2B18BF2E2B01D1002520E04C2BDE
S315000063D00ED0682B0FD06A2B0AD06C2B12D0742BE0
S315000063E016D0242B1FD1BEF1000F16D1AE46ECE716
S315000063F046F420760CE006F4807346EA430343F441
S31500006400807605E006F0800346EA830343F08006C3
S3150000641017F8013B002BADD104E06545D5D16323C8
S31500006420E64600E000233D46BEF1000F29D0E645D2
S315000064307FF48BAF43F02004A4F16505032D01D34F
S31500006440612C06D1D9F80030073323F0070308334F
S3150000645012E0DCB2732C0CD0642B18BF692B06D16A
S31500006460330606D5D9F80030B405EDD403E0632B26
S31500006470F6D1D9F800300433C9F800300CF1010C1C
S3150000648062E7BDE8F08300BF892801002DE9F041ED
S3150000649003F01F06984614460F4605462846394619
S315000064A03246002300F0E2F800FB1652A2EB080386
S315000064B0092A88BF03F13702303204F8012BAA1BE0
S315000064C0054677F100020F46E8D22046BDE8F08186
S315000064D00C9AB1FBF0F60F4606F130005146C0B2F9
S315000064E010470C9A2020514610470C9A2E205146F0
S315000064F010470C9A3020514610470C9AC0B25146AC
S3150000650010470C9A514610472DE9FE4F56EC107B6A
S315000065100C460546F00F90462871C6F30A516FF3F4
S315000065201F5657EA060208BF00290ED089B140F26D
S31500006530FF7399420FD10821002A08BF04210024C5
S31500006540084428712046BDE8FE8F0020002700265B
S3150000655005E02E4803E0A1F2FF3006F58016002C78
S31500006560286003D40C2C03D90D2436E0002434E033
S315000065703320A0EB8409022000214A464FF0000A8E
S3150000658000F046F8424202926AEB0102B0F1010BBA
S3150000659061F10000019230400090012000214A463E
S315000065A000F036F8814607EA0B00B9EB00008A4690
S315000065B0009871EB000008D3A000C0F13402384601
S315000065C0314600F036F8C00703D017EB090746EB53
S315000065D00A0602980740019806401220411FB1D4CE
S315000065E017F00F0201D1A1420ADCA2EB0803092A27
S315000065F088BF03F1270230322A54A142C8BF0C4695
S31500006600390941EA067736090138E7E702FCFFFF58
S31500006610930641BFA2F1200100FA01F10020704764
S3150000662032B1C2F12003914020FA03F3194390409E
S315000066307047930641BFA2F1200021FA00F0002125
S31500006640704732B1C2F12003D04001FA03F3184378
S31500006650D140704710B54218034629B11C7814B1D1
S3150000666001390133F9E71A46101A10BD40B584B056
S3150000667002AE0096FFF772F8029A039B04B040BD83
S315000066802DE9F04F9DB0884651EC106B93460D46B0
S31500006690CF0F6FF31F55C1F30A5156EA050408BF21
S315000066A000290BD040F2FF7291420FD10821002C35
S315000066B008BF0421394401710024FCE13021012482
S315000066C0417100210160B91C0171F4E1002CCDE992
S315000066D00970069318BF01240022A1F2354702294A
S315000066E038BF0122002918BF05F580154FEA85033A
S315000066F043EA967044EA020913904FEA860004BF03
S315000067004FF6CC37CFF6FF77129006F00100002F38
S315000067100490CDF81480CDF82CB0CDF83C9041D43F
S31500006720384600F0D1FACA468146032F88BFA9F140
S315000067300109484600F0D4FA14A90446484600F078
S3150000674057FB18A81AA9CDF808A0CDE90010A9EBA7
S315000067500700204414AA00F17C033046294600F0C5
S31500006760C7F90546B9F1150F109100F29380129EF4
S31500006770139C3046214600F0ADF9820842EA817149
S3150000678020F0030008444042F04261D130462146E1
S3150000679000F0AEFA00210F9148454FF0000028BFE7
S315000067A0012039E0C7F1000A504600F093FA04468A
S315000067B0781C18BF013CAAEB040A504600F090FA78
S315000067C00DF1500883465046414600F0ABFA18A832
S315000067D01AA94246CDF80890CDE90010A4EB0B00AB
S315000067E000F17D033046294600F082F904EB0709E3
S315000067F00546012C109111D8DDF81480DDF82CB077
S31500006800049840B1DDE91A0101381A9061F10000DF
S315000068101B9000200F90012011903EE0DDF81480BF
S315000068203E2CDDF82CB035D84FF0FF304FF0FF315D
S315000068302246FFF7EDFE139A22EA0101129A22EA96
S3150000684000000843B0FA80F040091190002023E0D0
S31500006850049870B90F98C043801964F1000100F0E4
S3150000686047FA0021119148454FF0000028BF01204A
S3150000687012E046F00200214600F03AFADDE91A126B
S315000068804B1E62F10004484538BF0B461A9338BFC9
S3150000689014461B94002011900F904046BBF1000F48
S315000068A00ED01099284600F0EFF9069A09EB02017E
S315000068B00844B0EBD27FB8BFD00F8045B8BF404682
S315000068C0CDF820900DF160091B9CAB4699E840037A
S315000068D000250C900020CDE9120048462146CDF84F
S315000068E0389000F0EEF881468A4630464146CDF8AB
S315000068F0348000F0E6F80746B0EB0900884671EBF5
S315000069000A000ED31099584600F0BEF90C99884239
S3150000691021DD08462946012518B9109850EA0B00D2
S315000069201DD01099584600F0CCF810915446129993
S31500006930119A00F0BCF907EB87010F9AC6EB4101EB
S315000069403E46B1FA81F1834649090A4013990F92EE
S3150000695001311391C1E7DDF840805F4603E000276F
S315000069604FF000080D46DDF83C90DDF828A00795AD
S315000069705FEAC97024D00D9DBB463046294600F01B
S31500006980A0F8074600EB800040422A460D467142B9
S31500006990B1EB400F16D10E98214600F092F80E90FA
S315000069A00C465846414600F08CF888461299119AD2
S315000069B03E4600F07CF91399834601311391DCE7DA
S315000069C0454602E045465F460D920898139901EB4D
S315000069D000081298C0B2411F18BF0121DDF82CB083
S315000069E0079AD2070CD10D9B87EA06026B401A4321
S315000069F006D1049A82F0010202EA0902012A5ED156
S31500006A00119A82F00102114300223943042888BFFB
S31500006A10012201EA02043F1945F1000938464946B8
S31500006A2000F032F906460CB30C9886421FDDBBF126
S31500006A30000F0AD00698404481190129D8BF0121C8
S31500006A4005988842B8BF0146084686420FDD0446CF
S31500006A50781D49F100010A220023FFF707FE013ED7
S31500006A6008F1010807462046894600E00C98864250
S31500006A70B8BF304604B20025261DA54212DA3846B4
S31500006A8049460A220023FFF7F1FD894600EB800103
S31500006A900135A7EB4101074641F030010AF806101F
S31500006AA0013EEAE709988AF804000FFA88F02044C4
S31500006AB00138CAF8000020461DB0BDE8F08F012459
S31500006AC0A9E780B500F006F8C00840EA4170C90899
S31500006AD080BDD4D4F8B502AA0092044A4FF0CC3354
S31500006AE000F011FADDE9020104B080BDCDCCCCCCBA
S31500006AF02DE9F04F8BB004931646D2E9002308AC7B
S31500006B000094490041EAD07445002846214600F029
S31500006B10FAF9D6E902238146DDE9087806A88B460C
S31500006B2000902846214600F0EEF910EB070A48EBE4
S31500006B300108DDE90601DDE90823471C41F10005EE
S31500006B40BAEB020278EB030228BF0D46079528BF71
S31500006B5007460499D6E902404139D6E900CE7A1CA7
S31500006B6045F1000314EB0A040591009140EB08017E
S31500006B7019EB0C00CDF80C905BEB0E00069754F168
S31500006B80000041F10001B0EB0A04D94671EB08049C
S31500006B9024BF2B463A4600F0D2F9149AC2E9000106
S31500006BA0DDE915B008B3D6E90201D6E900C3DDE98F
S31500006BB005640096BAEB0006039A68EB0107701E9F
S31500006BC067F10001B2EB0C02079D79EB030224BFCB
S31500006BD030463946621E65F10003BAEB000678EBD3
S31500006BE0010624BF22462B4640E0049C0025D6E938
S31500006BF000E0CC46403CDDE9062302904FEA4C0C0F
S31500006C00D6E902014FEA4A0600944FEA480446EAEA
S31500006C10D97644EADA74B6EB0A0774EB080738BF8C
S31500006C20012545EA42055B0043EAD2776A1E0495D0
S31500006C3067F10003039DB6EB000964EB010BB9F1A4
S31500006C4001006BF10001DEEB450E4CEAD57C029D9E
S31500006C507CEB050528BF5946DDF854B028BF4846E9
S31500006C60351A8C41049C24BF22463B4600F067F946
S31500006C70CBE9000105AB41460DCB0090504600F034
S31500006C805EF90BB0BDE8F08F70B500230A2401222F
S31500006C900A25461B71EB030607D3A5FB045603EB37
S31500006CA08303013206EB4303F3E7104670BDC9B216
S31500006CB0B1FA81F149090A4000EB80011192ABEB70
S31500006CC0410112917047D4D401494843800C704762
S31500006CD04134010001494843000D7047FB2E0B006B
S31500006CE002494843012101EBD04070474F931200FF
S31500006CF0F0B50A4B02460A4D4FF0FF304FF0CC3448
S31500006D00A2FB0367013002FB047201FB0321721B25
S31500006D1071F133323246F3D3F0BD00BFCDCCCCCCCB
S31500006D20343333332DE9F04F87B08B461A21B0FB4D
S31500006D30F1F2054602FB01F62A4800EB0210B542C5
S31500006D4002D100F0C9F849E004A9274A0091A91B1D
S31500006D50C36852F8317002EBC101D0E901924C6868
S31500006D600168019100F0ACF8824602A8019A8846B3
S31500006D700090384621464B4600F0C5F80191814601
S31500006D80DDE90212002011EB0A0758EB020840F178
S31500006D900000012801D100F097F82846FFF7A0FF70
S31500006DA004463046FFF79CFF0199241A48463A46A6
S31500006DB04346009400F0C3F81E226FF0030302EA74
S31500006DC0450203EA9503094DEB5800F08DF800F0F3
S31500006DD093F8009400F0B3F8CBE9020107B0BDE8E0
S31500006DE0F08F00BF50A3000020A40000F0A4000014
S31500006DF02DE9F04F87B08B46054619301A21B0FBB6
S31500006E00F1F22C4802FB01F600EB0210AE4202D171
S31500006E1000F062F84BE004A9274A0091711BD0E903
S31500006E2000A852F8317002EBC101D0E902234C6888
S31500006E3000F046F8019002A8BAF1010268F10003D9
S31500006E408946009000F03CF88A46DDE901310446A7
S31500006E500020039ACF1852EB090840F100000128E0
S31500006E6001D100F031F83046FFF73AFF06462846D2
S31500006E70FFF736FF361A204651463A4643460096F5
S31500006E8000F05DF86FF003030C4C03EA95031E2235
S31500006E9002EA4502E35800F027F8013041F100010B
S31500006EA000F02AF8009600F04AF8CBE9020107B094
S31500006EB0BDE8F08F48A5000020A4000038A6000019
S31500006EC03846214600F01FB8DDE904010130049080
S31500006ED041F100000590704790E80E00C0688BE80D
S31500006EE00E00CBF80C00704723FA02F202F0030200
S31500006EF0801841F100017047DDE90423CBE9000168
S31500006F00384641467047F0B5A3FB0145DDF814C08D
S31500006F10A2FB0116A2FB00277F18744145F100056C
S31500006F2039462646E3FB0016A3FB0003C01954EBC3
S31500006F30030045F10000CCE900601046F0BD2DE9E4
S31500006F40F041DDF8188017460C460546C8F14002A8
S31500006F5038461946FFF75CFB07460E46284621468B
S31500006F604246FFF766FB38433143BDE8F081B1EE98
S31500006F70C00A7047D4D4D4D42DE9F0472DED068B42
S31500006F8055EC106BB648EC0F25F0004787421CD332
S31500006F90B948874236D328469FEDAF0B6FF31F5093
S31500006FA0294640EA060854EC107B304632462B460A
S31500006FB0B5F1FF3FC4BF2C46374600F035FBB8F1AC
S31500006FC0000F04BF2146384600E1A648874229D370
S31500006FD0A648874255D8A648294600EBC40090ED3E
S31500006FE0000B304653EC102B00F03CFB84F0010202
S31500006FF041EC190BA2EB04089E4A02EBC40292ED87
S3150000700000AB6EE09FED7A0B3046294653EC102B11
S31500007010FEF734FB28B30020BDEC068BBDE8F04735
S3150000702002F08AB8B0EE408A3046F0EE608A9FEDF4
S315000070306C0B294600F02AF99FED6B0B59EC104BAF
S3150000704022464B46FEF71AFB4FF00008002800F0D8
S31500007050C380854887424CD83046294622464B464F
S31500007060B2E09FED650B3046294653EC102BFEF738
S31500007070DBFA30B10020BDEC068BBDE8F04702F02C
S315000070804BB89FED5F0B29467C4853EC102B00EB69
S31500007090C40090ED008B304600F04AFC53EC182BF0
S315000070A000F0C2FA00F04EFC804600F079FC9FED3D
S315000070B0560B04460F4600F0EDF802460B463046E6
S315000070C0294600F0B1FA9FED520B05460E462046C2
S315000070D053EC102B394600F02BFC41EC1A0B46EC16
S315000070E0195B51EC190B53EC1A2B00F0BBFA41EC6F
S315000070F0180B59EC18AB5046494652464B4600F021
S3150000710017FC9FED450B07460C4600F0C3F89FEDB4
S31500007110440B00F0BBF800F0B3F89FED430B00F012
S31500007120B5F800F0ADF89FED420B00F0AFF800F0B7
S31500007130A7F89FED410B00F0A9F800F0A1F800F0C8
S31500007140ADF806460D465046494632462B4600F0F7
S31500007150EFFB07460C46B8F1000F27D09FED380B22
S3150000716032462B4651EC100B00F07CFA00F09CF8EE
S3150000717002460B4651EC1A0B00F074FA02460B4617
S3150000718051EC190B00F06EFA9FED170B00F07EF82C
S315000071904FEA085211446FF47F73984516DA9FED53
S315000071A02A0B01F17A5100F075F80FE09FED280BDC
S315000071B03046294600F06AF800F076F800F06EF8DE
S315000071C09FED090B53EC102B00F02EFA41EC100B3F
S315000071D0BDEC068BBDE8F0878BE700BF00BF00BFA4
S315000071E09C7500883CE4377E000000000000F03FFC
S315000071F0EF39FAFE422E864051302DD5104987C010
S31500007200FE822B654715F73F0000E0FE422EE6BFE3
S31500007210763C7935EF39EA3DD0A4BE726937663ED1
S31500007220F16BD2C541BDBBBE2CDE25AF6A56113F00
S3150000723093BDBE166CC166BF3E5555555555C53FE7
S315000072400000000000000040000000000000700187
S3150000725000000000000000C0000000000000000068
S31500007260422E8640432ED63FFFFFEF3DB1A2F03FB0
S31500007270F0A60000B0A600000000F07FC0A6000047
S3150000728002460B463846214600F052BB53EC102B03
S3150000729000F0CAB953EC102B00F04ABB02460B466D
S315000072A05046494600F0DEB902460B4638462146AE
S315000072B000F076BDD4D4D4D42DE9F04381B052EC9D
S315000072C0101B002558EC113BC8F210054FF0010CBD
S315000072D022F000474E1E28F0004007EB050474EB31
S315000072E00506C0F08F804619B3EB0C04AE41C0F022
S315000072F08980CE1A964677EB000018463CBF0846B2
S31500007300194643463CBF1346C6467446CEF30A5C4E
S315000073106FF31F54C3F30A55BCF1000F1CD1B1FA29
S3150000732081F7002C07F1200718BFB4FA84F7A7F1FC
S315000073300B09B7F12B0604FA09FCC7F12B0421FA55
S3150000734004F444EA0C04C7F10C0C58BF01FA06F425
S3150000735001FA09F158BF00216FF31F53D5B9B0FAEE
S3150000736080F5002B05F1200518BFB3FA83F5C5F1AA
S315000073702B07A5F10B0620FA07F7B3403B43B5F1FF
S315000073802B07C5F10C0558BF00FA07F300FA06F003
S3150000739058BF002088EA0206DA0042EA5072E3008B
S315000073A042F4000243EA5173C000AC453FD0ACEB57
S315000073B005043F2C39D8C4F14005C5F1200702FA6F
S315000073C005F800FA05F520FA07F747EA0807D4F1A9
S315000073D0200858BF00FA08F758BF0025E0403D4393
S315000073E002FA08F740EA070018BF0125B4F12007A2
S315000073F058BF22FA07F022FA04F240EA050058BF05
S31500007400002214E000244E1EC7F6F07477EB040643
S3150000741002D342F400206EE05E1E70EB040628D311
S3150000742048F4002040EC113BE3E00022012043F445
S3150000743000030EF00044C900B6F1FF3F0DDD091848
S315000074405A41D3014ED55FEA52024FEA310100F0AC
S3150000745001000CF1010C014344E081EA000783EAD4
S315000074600206091A63EB02023743DFB99FED6A1B76
S31500007470BFE087EA04060E4340F0918083EA0100EC
S31500007480BCF101039FED660B80EA030065F58013EE
S3150000749088EA02077B4056EC105B18431CBF164671
S315000074A00D46A4E00020B0EBD25F1BD1B1FA81F00B
S315000074B0002A00F1200018BFB2FA82F0A0F10803FA
S315000074C0C0F12807ACEB030C9A40283821FA07F7DD
S315000074D042EA070258BF01FA00F201FA03F158BF67
S315000074E000210BE040F2FF70844507DB44F0E040EA
S315000074F0002140F07F6040EC111B7AE0BCF1000FE8
S315000075002BDC6FF01E070CF13F00A7EB0C0702FA0D
S3150000751000F301FA00F021FA07F633431CF11F06C7
S3150000752058BF01FA06F358BF00201843CCF10103F7
S31500007530C3F1200618BF0120D940002F02FA06F633
S3150000754041EA060158BF22FA07F122FA03F241EA9C
S3150000755000014FF0000C58BF0022C80840EA4275EF
S31500007560C2F3D30001F0070740EA0C5040EA0406D4
S3150000757000F064F802282BD0012820D098BB681CA4
S3150000758046F10001042F9CBF2846314638D105F04C
S3150000759001002D1846F1000600F05CF827E080EAAD
S315000075A004061E4325D051EA07062CD0B0EE401A39
S315000075B053EA0006F0EE601A7FF49BAE19E03846F7
S315000075C0002F18BF0120002C18BF0124204007E01F
S315000075D0B4FA84F13846002F18BF01204909084043
S315000075E02D1846F10006002F18BF00F033F846ECC0
S315000075F0115BB0EE410AF0EE610A01B0BDE8F0831E
S3150000760005460E46EFE71843F3D103EA010008EA00
S31500007610020141EC110BECE7000000000000000045
S31500007620000000000000F87F80B541EC100B43EC31
S31500007630112BFFF741FE51EC100B80BD0448F1EE13
S31500007640101AC1F38151784450F82100704700BFE9
S3150000765096300000F1EE100A40F01000E1EE100A3C
S315000076600020704780B582B043EC102B8DED000BE7
S3150000767041EC100B9DF8072082F080008DF8070082
S315000076809DED001BFFF718FE51EC100B02B080BDFC
S315000076902DE9F04F81B055EC101B4FF6020356EC66
S315000076A0110BCFF6FF7386EA05022C4602F0004C5A
S315000076B03246C5F30A596FF31F52A9F2FF776FF3EB
S315000076C01F54C6F30A5E9F4221BFAEF2FF734FF608
S315000076D00107CFF6FF77BB420CD840F2000825F031
S315000076E00047C7F6F0784B1E77EB080335D345F411
S315000076F0002057E04FF0000A44F48014C302D2027F
S3150000770042EA5050A3FB045740F0004000264FF0D9
S315000077100048E0FB0476A3FB0123A0FB01103F1801
S3150000772046F100065B1948F10045581809EB0E03AF
S31500007730534457EB050146F10005A3F2FF33EF0270
S3150000774016D4470047EAD2746F0047EAD17549005C
S31500007750520041EAD07120460BE026F00045431E58
S3150000776075EB080315D346F4002141EC100B1BE022
S31500007770013340F2FF77BB4204DB4CF0E04040F0BF
S315000077807F600EE0002B1CDD6FF31F5545EA0353A7
S3150000779068E087EA08030B4309D128430ED04CEA78
S315000077A00800002140EC101B01B0BDE8F08F85EA0F
S315000077B0080303436AD151EA0700F0D19FED5A0B43
S315000077C0F2E7C3F101063F2E66D803F13F046FF0DE
S315000077D01E07A7EB030922FA06FB05FA04FE21FAA7
S315000077E009F747EA0E0A13F11F0EC6F1200358BF28
S315000077F001FA0EFA009300FA03F722FA09F347EAB0
S315000078000B0700FA04FB43EA0B0358BF02FA0EF318
S3150000781002FA04F258BF002242EA030201FA04F314
S3150000782058BF0023002A18BF0122B6F1200458BF12
S3150000783020FA04F743EA070342EA0302009B21FA0F
S3150000784006F120FA06F005FA03F341EA030158BFF0
S3150000785025FA04F158BF002025FA06F340EA0A008B
S3150000786058BF002343EA0C03574278EB000701D2C6
S31500007870013106E080EA0800104304D101F001005E
S31500007880091843F1000343EC101B8DE751EA070387
S3150000789018BF50EA050303D100204CEC100B83E718
S315000078A04FF000084FF0000AB8EB175F1AD1B1FA93
S315000078B081F3002C03F1200318BFB4FA84F3A3F17B
S315000078C00B06C3F12B07C3F10C0AB44021FA07F7E4
S315000078D03C43B3F12B0758BF01FA07F401FA06F14E
S315000078E058BF0021B8EB155F7FF406AFB0FA80F3FE
S315000078F0002A03F1200318BFB2FA82F3C3F12B0763
S31500007900A3F10B0520FA07F7AA403A43B3F12B0778
S31500007910AAEB030358BF00FA07F203F10C0A00FAB8
S3150000792005F058BF0020E7E6000000000000F87FE1
S3150000793080B541EC100B43EC112BFFF7A9FE51EC7F
S31500007940100B80BDC1F30A5240F2FF339A423CBF8E
S3150000795000207047A2F21F4313F1210F9EBF6FF064
S31500007960004080EAE170704780B540F233434FF043
S31500007970010C9B1A8E466CF31F5ED840C3F12003A0
S315000079800EFA03F3184340F213439A1A58BF2EFA1D
S3150000799002F0B1F1FF3FD8BF404280BDD4D4D4D469
S315000079A0002822D0014648BF4142B1FA81F2C2F115
S315000079B00B03B2F10B0C21FA03F358BF01FA0CF3D7
S315000079C083F4801C40F21E43A3EB020302F115026E
S315000079D001FA02F10CEB035358BF0021002848BFFF
S315000079E043F0004343EC101B01E09FED030B51EC09
S315000079F0100B704700BF00BF000000000000000031
S31500007A002DE9F04F85B051EC11AB4FF6020754EC5F
S31500007A1010BBCFF6FF7781EA04000E46A64600F0BB
S31500007A20004CC4F30A506FF31F56A0F2FF726FF3B7
S31500007A301F5EC1F30A53BA4221BFA3F2FF724FF68B
S31500007A400107CFF6FF77BA420FD8002524F000478A
S31500007A50C7F6F075BBF1010277EB0502C0F0938023
S31500007A6044F4002040EC10BB81E102A981E8091032
S31500007A700020019046F4801C4FEA5A514FF23332EF
S31500007A80002341EACC21C7F20452521ACDF800A0D5
S31500007A90A1FB02567542A5FB0225D20F42EA45021A
S31500007AA0A2FB01567542A2FB0525D20F42EA45020A
S31500007AB0A2FB015675420026A2FB0525D20F42EA1B
S31500007AC045024FEACA25013AA5FB02570025E1FB0C
S31500007AD00275D7F1010166EB0505A2FB0557A1FB6F
S31500007AE002127F0047EAD577C90F41EA420111EB3E
S31500007AF0450147EBD2724EF48017E13962F100027C
S31500007B004FEA4B0E780040EADB79A2FB0E04E2FB5B
S31500007B100943A1FB09256419A1FB0E1543F10003D6
S31500007B20A91846F100024018DDE90210624143F14E
S31500007B300008081A0199B6EB585F01EB000404F23D
S31500007B40FF312CD1B8F5801F38BF012602FA06F0A6
S31500007B504FEA5202A0FB0A5300FB0C3786F01F03C4
S31500007B60039538BF04F2FE3108FA06F5DA4045EA15
S31500007B700203039C013903FB0A724FEA4B57664224
S31500007B8067EB02081CE021F00044BAF1010274EB35
S31500007B9005022ED341F4002040EC10ABE7E05FEA8B
S31500007BA058034FEA3200A0FB0A264FEA0B54DE4682
S31500007BB0B94600FB0C6603FB0A65564264EB0508F2
S31500007BC040F2FF72914205DB049840F0E04040F03D
S31500007BD07F607FE0012922DB4FEA48026FF31F53E3
S31500007BE042EAD67443EA01527100049DDDF800A012
S31500007BF0AAE087EA050151EA0B0107D184EA0500EC
S31500007C0050EA0A0064D19FED640BB0E084EA0501F6
S31500007C1051EA0A010BD100204CEC100BA7E011F140
S31500007C20350F5BDC0499002041EC100B9FE05BEA0A
S31500007C30070100F09F805AEA040149D04FF000097D
S31500007C400025B9EB175F1ED1BBFA8BF2BEF1000F10
S31500007C5002F1200218BFBEFA8EF2C2F12B05A2F184
S31500007C600B072BFA05F50EFA07F145EA010EB2F1FC
S31500007C702B0558BF0BFA05FEC2F10C050BFA07FBE4
S31500007C8058BF4FF0000B02A9B9EB145F81E8091049
S31500007C907ED1BAFA8AF1002E01F1200118BFB6FA98
S31500007CA086F1A1F10B0206FA02F7C1F12B062AFAB8
S31500007CB006F63E43B1F12B07294458BF0AFA07F6E8
S31500007CC0A1F10C000AFA02FA58BF4FF0000AD0E6FA
S31500007CD04CEA0500002140EC101B48E0C1F101020E
S31500007CE06FF01304C2F12007641AD04023FA02F29F
S31500007CF003FA07F738436FF01E072EFA04F47F1ACB
S31500007D0058BF23FA07F0DDF800A058BF0022AAFBEF
S31500007D1000760AFB026301F13406143109FA06F50E
S31500007D200CFB003345EA040558BF0EFA01F50EFABE
S31500007D3006F158BF0021B1EB47014FEA430343EA7E
S31500007D40D77365EB0304049D431C00F0010642F162
S31500007D500007891944F10006BAEB01017CEB060124
S31500007D6024BF0346174647EA050040EC103B05B022
S31500007D70BDE8F08F9FED080B5AEA04014FF00000B2
S31500007D8051EC102B1CBF6146024641EC102BEEE76E
S31500007D9001956FE600BF00BF000000000000F87FFD
S31500007DA080B541EC100B43EC112BFFF729FE51EC8B
S31500007DB0100B80BDD4D4D4D4F8B52DED028B56EC7F
S31500007DC0100BB0EE408AF0EE608AB6F5801F13DA2B
S31500007DD026F0004101434DD0B6F1FF3F52DD9FED45
S31500007DE0300B314653EC102BFFF7A2FD41EC180B7C
S31500007DF00E466FF0350000E0002031498E4204DB6C
S31500007E0051EC180B02460B462CE000EB2650A0F274
S31500007E10FF3707EBD770FFF7C3FD04460D46F80F93
S31500007E206FF31F56274946EA0050484052EC181B8C
S31500007E3040EC101B00F050F851EC100B9FED1A0BA4
S31500007E4053EC102BFFF774FD9FED190B00F03CF877
S31500007E5032463B46FFF7E8FB9FED170B00F034F880
S31500007E6032463B46FFF7E0FB41EC100BBDEC028BC4
S31500007E7001B0F0BD0120BDEC028B01B0BDE8F040C1
S31500007E8001F06AB9B0EE480AF0EE680ABDEC028B62
S31500007E9001B0BDE8F04001F06FB900BF00BF00BF00
S31500007EA000000000000050430EE526157BCBDB3FAB
S31500007EB0362BF111F3FE593D00609F501344D33F1A
S31500007EC00000F07F0000F03F06460F46204653ECC8
S31500007ED0102B2946FFF72CBD2DE9F84F2DED085B39
S31500007EE054EC100BB4F5801F12DA24F00041014364
S31500007EF061D0B4F1FF3F40F309819FEDCB0B2146E2
S31500007F0000F0E6F941EC100B0C466FF0350000E08E
S31500007F100020E5498C420CDB51EC100B02460B4667
S31500007F20FFF782FB41EC180BB0EE480AF0EE680A48
S31500007F305DE1A246DD496FF31F5A00EB2450514420
S31500007F4000EB1150A0F2FF3501F48010D8495044DF
S31500007F50414052EC100B9FEDB60B00F0B5F9074609
S31500007F60A01C0E466FF31F5002282CD89FEDCA8B1B
S31500007F703846314653EC182BFDF748FB002800F035
S31500007F80CC80002DD0D02846FFF70AFD9FEDC00B10
S31500007F9004460D4600F09CF99FEDB90B06460F46C8
S31500007FA0204653EC102B2946FFF7C2FC32463B46CF
S31500007FB0FFF73AFB19E10120BDEC085B01B0BDE813
S31500007FC0F04F01F0C9B89FED9C0B3846314600F0E2
S31500007FD07BF902460B463846314604970596FFF76D
S31500007FE0DFFE02460B4602900391FFF7A1FC024614
S31500007FF00B4607460E46FFF79BFC9FED910B04468A
S31500008000884600F065F99FED900B00F05DF900F0F1
S3150000801063F99FED8F0B00F057F900F05DF99FEDC6
S315000080208E0B83468946204653EC102B4146FFF7BC
S315000080307FFC9FED8B0B00F047F900F04DF99FEDAB
S315000080408A0B00F041F902460B4641462046A846F7
S31500008050FFF76EFC9FED860B00F036F902460B46E5
S3150000806038463146FFF764FC02460B4658464946F9
S31500008070FFF7DAFA05468F480C468F49A0EB0A004F
S31500008080514441EA00064046FFF78AFC07468B4604
S31500008090012E7CDB9FED7C0B019753EC102B049E8D
S315000080A0059F30463946FFF743FC02460B463046ED
S315000080B03946FFF73DFC2A46234681468A46FFF7A6
S315000080C0B3FA05460C46B8F1000F00F095809FED17
S315000080D0700B5946019800F0FBF8CDF800B08346C6
S315000080E0884600F0EBF85A464346FFF79DFA00F043
S315000080F0F9F832463B46FFF7B5FA9FED610B0446A9
S315000081000D46DDE9001053EC102B68E0BDEC085B72
S3150000811001B0BDE8F04F01F02FB89FED610B384676
S31500008120314600F0D5F89FED580B00F0CDF8044627
S315000081308846384631463A463346FFF7F9FB22462B
S315000081404346FFF7F5FB04468A46002D5DD02846D8
S31500008150FFF726FC9FED480B8046894600F0B8F8ED
S3150000816002460B4620465146FFF75EFA3A4633462C
S31500008170FFF778FA9FED420B06460F46404653EC52
S31500008180102B4946FFF7D4FB32463B462BE0049EB4
S315000081902A46DDF814A0234630465146FFF762FA18
S315000081A005460C46B8F1000F36D09FED330B384626
S315000081B0594600F08DF88046894600F07FF8424621
S315000081C04B46FFF731FA32465346FFF74BFA9FED1F
S315000081D02C0B04460D46384653EC102B5946FFF738
S315000081E0A7FB22462B46FFF73DFA41EC100BBDECF0
S315000081F0085B01B0BDE8F08F00F060F800F072F89F
S3150000820002460B463046394603E03846314622469A
S315000082105346FFF727FA85E600F050F802460B466C
S3150000822030465146DFE700BF000000000000504323
S31500008230000000000000F0BF000000000000004049
S315000082409FC678D0099AC33FAF788E1DC571CC3FC3
S3150000825004FA97999999D93F44523EDF12F1C23FE9
S31500008260DE03CB966446C73F599322942449D23FF6
S31500008270935555555555E53F763C7935EF39EABD69
S315000082800000E0FE422EE63F000000000000E03F56
S31500008290763C7935EF39EA3D000000000000000029
S315000082A0555555555555D5BF0000F07F645F0900FB
S315000082B00000F03F51B8060086EBF9FFDDE9020148
S315000082C02A462346FFF734BB53EC102BFFF7ACB915
S315000082D053EC102BFFF72CBB02460B4620464146BB
S315000082E0FFF726BB02460B4648465146FFF7BAB98A
S315000082F02DE9F84F2DED048B92B05AEC115B57EC3B
S31500008300106B2AF0004050EA050131D0AA4927F047
S31500008310004401F1705294420BD8B0EE408AF0EE60
S31500008320608A0EB1944204D0904202D8EDB39042D6
S315000083303BD100F09DFDA14A4FEA4A049FEDA00BF8
S3150000834044EAD5743A4484F4801402F52002324398
S315000083509D4E52EC103B1CBF0A4603460127D7EB45
S315000083604505B44124BF0A46034642EC183B14E0D7
S3150000837000F07EFD7A009FED920B42EAD67201274D
S31500008380914D82F48012D7EB460653EC104BAA416E
S3150000839024BF0B46044643EC184B00F073FD12B0A5
S315000083A0BDEC048B01B0BDE8F08FB7F1FF3F01DDF6
S315000083B0002306E0854B9E4603F1007398425CD984
S315000083C002230B931DB38C469FED810BB84651ECEF
S315000083D0103BC90F61F3DF7896B34FF0FF3101EB25
S315000083E0D7790B9951EA090100F0AD807A49B0F1CD
S315000083F0844F59D9604540F28280481C844280F0FF
S31500008400D480BAF1FF3F40F3D480002032E390429B
S3150000841040F0FE836948204400F52000304379D0BF
S315000084206D48844240F299809FED690BBAF1FF3F97
S3150000843050EC101BC4BF5046294640EC181BACE755
S31500008440944205D0002C00F0A48064498C42C4D12B
S315000084509FED5B0B3246434600F010FDBAF1000F6C
S31500008460A4BF4146304641EC100BB7F1FF3F54DD47
S31500008470B0EE408AF0EE608A8FE7574B984297D964
S315000084804FEA105C70457DD940F23343A3EB0C03F1
S3150000849025FA03FC0CFA03FE00230CF0010C7545CB
S315000084A008BFCCF102038CE79FED4D0B30464146E9
S315000084B000F0BAFC07464C48B4F5801F28BF214699
S315000084C000F135003CBF4FF6CC30CFF6FF7000EB25
S315000084D0215241486FF31F5128BF3746CDF82490EB
S315000084E0084400F1010B41488142C0F087804048B2
S315000084F0814280F07F8008924FF0010881E0F80FFA
S315000085008C4280F0A9820B990840BAF1FF3F40F3F4
S315000085101A82AFE29FED2A8B3FE7284A0B9B224443
S3150000852002F520021A430ED08DED0E0B9DF83F206A
S3150000853082F080028DF83F200B9B0E9A012B18BF0C
S3150000854002460F984EE300F09DFC12B0BDEC048B82
S3150000855001B0BDE8F04F00F00FBE8DED0C1BBAF177
S31500008560000F9DF837009FED1A0B80F080008DF804
S31500008570370051EC100B0C9AA8BF02460D98A8BF05
S31500008580084631E3002D00F033838C4600210B9121
S315000085901AE7BAF1FF3F40F3B4830B9801280CBFEA
S315000085A0B846364648EC186BF7E6BAF1010FFFF607
S315000085B02CAF0020C7E100BF0000F043000070BFF1
S315000085C0000000000000F03F0000F0FFFFFF3F4109
S315000085D00000000000000000FFFFEF3F0000F03F3A
S315000085E00000000000004043CCFBFFFF8F98030013
S315000085F07AB60B00D848013241EA000B4FF000086A
S315000086000892DFF8E807594600EBC80090ED000B2A
S31500008610384656EC104B22463346CDE90164CDF878
S315000086201C800397FFF71EF88146009120463146CD
S315000086303A465B46FEF7F8FF1FED1F0B02460B4658
S3150000864000F01CFC0690024605910B46009C48462D
S315000086504F462146FFF76CF90A90D9464FF0005075
S31500008660002240EA59008B4600EB884000F50026C0
S3150000867000203346FFF75CF902460B463846214692
S31500008680FEF7F0FF04460F46DDE9011000223346EF
S31500008690FEF7E8FF039A4B46FEF7C6FF02460B4677
S315000086A0002000F0F4FB00F0D7FB02460B46DDE9A4
S315000086B00510FFF73DF90690044605910E460A9F00
S315000086C0594600225B463846FEF7AEFF02460B4689
S315000086D020463146FFF72CF903908846384659461E
S315000086E03A465B46CDF810B0FFF722F99FED9C0B9A
S315000086F006460F4600F098FB9FED9B0B00F084FBAF
S3150000870000F07CFB9FED9A0B00F07EFB00F076FB01
S315000087109FED990B00F078FB00F070FB9FED980B36
S3150000872000F072FB00F06AFB9FED970B00F06CFB0C
S3150000873081460C4600F07CFB4A462346FFF7F8F8D4
S31500008740024603980B464146FEF76EFFDDF810B071
S31500008750814688460020002259465B46FFF7E8F826
S315000087609FED8B0B07460E4600F04EFB4A464346EE
S31500008770FEF75AFF9FED880B00200C4600F044FBE5
S315000087803A463346FEF76EFF00F048FB02460A986B
S315000087900B4600F07CFB06460F46DDE9051000227D
S315000087A02346FFF7C5F832463B46FEF73DFF8146B6
S315000087B088460020594600222346FFF7B9F84A4664
S315000087C0434606460F46FEF72FFF002032463B463D
S315000087D08B46FEF747FF00F021FB9FED710B00F083
S315000087E023FB9FED710B06460F46002053EC102B22
S315000087F000F04DFB32463B46FEF716FF079E02464B
S31500008800DFF8EC050B4600EBC60090ED000B51ECD3
S31500008810100BFEF709FF9FED660B07460A900C4604
S3150000882053EC102B0691002000F031FB3A4623460C
S31500008830CDE90410FEF7F8FE0246DFF8B8050B4650
S3150000884000EBC60090ED000B56EC107B3846314627
S31500008850FEF7EAFE804608988946FFF7A1F8044627
S315000088608B464046494622465B46FEF7DDFE002023
S3150000887022465B4641EC180BFEF7F4FE3A463346B9
S31500008880FEF7F0FEDDE90432FEF7ECFE02460B468B
S315000088900A980699FEF7E6FE41EC190B2846514662
S315000088A000225346FEF7DEFE53EC192B04460F4614
S315000088B028465146FFF73CF856EC185B8146884639
S315000088C0204639462A463346FFF732F84A4643469B
S315000088D0FEF7AAFE814688462846314600225346C0
S315000088E0FFF726F807468A4641EC180B48464146EC
S315000088F03A465346FEF798FE06460B980C460999EB
S31500008900013840EA01052C4800F5200084425BDD71
S315000089102A482044304313D19FED290B484641464F
S3150000892000F072FA0B9505468B4600F09BFA02465C
S315000089300B46284659460B9DFCF7A0FE002856D04C
S31500008940B5FA85F0400912B0BDEC048B01B0BDE864
S31500008950F04F00F0F1BB00BF0000E03F00BF00BFDA
S31500008960EF4E454A287ECA3F65DBC9934A86CD3F0E
S3150000897001411DA96074D13F4D268F515555D53FF4
S31500008980FFAB6FDBB66DDB3F033333333333E33F8C
S31500008990000000000000084000000000000008C0C1
S315000089A0FD033ADC09C7EE3FF5015B14E02F3EBE3E
S315000089B0000000E009C7EE3FFFFFEF3F000070BF79
S315000089C0FE822B654715973CDC48DD4920408842EE
S315000089D00DD3DC482044304349D100F043FA024627
S315000089E00B4648464146FCF72DFE00283FD124F0B1
S315000089F00040D54900220B95884243D9D34940F21D
S31500008A00134301EB10504FF4801121FA00F00121BD
S31500008A102044024661F31F52C0F30A515B1AA1F2C9
S31500008A20FF31DA40002C48BF52420A92F24A02F164
S31500008A30814242FA01F101EA00033846514600221A
S31500008A40FEF710FE024641EC180B0B46484641461F
S31500008A50FEF7EAFD0C4616E001318C4240F20B812E
S31500008A600B990840BAF1010FBFF66DAF02E0B5FAF7
S31500008A7085F0400912B0BDEC048B01B0BDE8F04FA3
S31500008A8000F04ABB0A9253EC182B00202146FEF751
S31500008A90E9FD00F0C3F99FEDC00B05460E46002028
S31500008AA053EC102B2146FEF743FF9FEDBD0B074607
S31500008AB08846284653EC102B3146FEF739FF3A46D6
S31500008AC04346FEF7B1FD9FEDB80B054609900E46ED
S31500008AD053EC102B089100202146FEF729FF2A4669
S31500008AE0334683460791FEF79FFD02460B468246B4
S31500008AF08946FEF71DFF9FEDAE0B0446884600F043
S31500008B0093F99FEDAD0B00F07FF900F081F99FED31
S31500008B10AC0B00F079F900F07BF99FEDAB0B00F0A0
S31500008B2073F900F075F99FEDAA0B00F06DF900F0EE
S31500008B306FF900F08BF904460F4650464946224627
S31500008B403B46FEF7F5FE9FEDA40B05460E46204676
S31500008B5053EC102B3946FEF767FD02460B462846B6
S31500008B603146FFF71DF9079B04460F465046494616
S31500008B705A46FEF777FD02460B46DDE90810FEF77A
S31500008B8071FD05460E46504649462A463346FEF7CF
S31500008B90CFFE2A463346FEF747FD00F05DF900F0AA
S31500008BA055F99FED6D0B00F02FF90A9A41EC100B69
S31500008BB001EB0251B1F5801FAEBF41EC100B104620
S31500008BC000F03AFA0B9B8DED100B9DF84700002B39
S31500008BD0109A80F080008DF8470051EC100B18BFFA
S31500008BE00246119818BF084640EC182BFFF7D5BB74
S31500008BF040F21343A3EB0C0320FA03FC0CFA03F335
S31500008C00984206BF0CF00103C3F1020300230B9345
S31500008C10734B013398420FD1BAF1FF3F3FF7BDAB1B
S31500008C209FED4B0B3046394653EC102BFCF7EEFC10
S31500008C30002878D0F80F6EE0BAF1804F09D101F123
S31500008C40E0539C4205D2674B9C4202D300F0F0F8F9
S31500008C506FE08C46002F3FF5B7AB634B9A457FF428
S31500008C60B3AB00F00FF912B0BDEC048B01B0BDE858
S31500008C70F04F00F00FB99FED3A0B30464146CDF864
S31500008C80249000F0C1F89FED380B06460F4600F021
S31500008C90CBF89FED370B00F0B7F800F0AFF89FED7B
S31500008CA0360B02460B4651EC100BFEF7DBFC8046FA
S31500008CB0894600F0BDF842464B46FEF739FE9FED69
S31500008CC0300B00F0B1F89FED300B00F0B7F84246DC
S31500008CD04B46FEF7A9FC9FED2E0B00F0AFF842467F
S31500008CE04B4606460F46FEF79FFC002032463B46A3
S31500008CF041EC180BFEF7B6FC02460B4640464946C9
S31500008D00C8E50020002F48BF01200B990139B1FAB0
S31500008D1081F14909084012B0BDEC048B01B0BDE8F1
S31500008D20F04F00F019BA9FED0C0B32463B4600F0AF
S31500008D30A5F841EC180BFFF730BB00BF00FCFF7F26
S31500008D4000CC904000346F3F0000E03F02FCFFFF84
S31500008D500000000000000000000000000000F03FDE
S31500008D60000000000000F0BF000000000000D0BFBF
S31500008D70555555555555D53F000000000000E03FBC
S31500008D80FE822B654715F7BF44DF5DF80BAE543EF8
S31500008D90000000604715F73F396CA80C615C20BEE7
S31500008DA0EF39FAFE422EE63F00000000432EE63F72
S31500008DB0D0A4BE726937663EF16BD2C541BDBBBE5B
S31500008DC02CDE25AF6A56113F93BDBE166CC166BF39
S31500008DD03E5555555555C53F00000000000000C0E2
S31500008DE0FFFFEF3F0100501E0000E03FD0A600004D
S31500008DF090A60000A0A60000000070BF02460B4629
S31500008E0030463946FEF794BD53EC102BFEF70CBCEA
S31500008E1002460B4620464146FEF78ABD02460B46F1
S31500008E2048464146FEF71EBC53EC102BFEF780BDAC
S31500008E303046394632463B46FEF77ABD804689467D
S31500008E40304653EC102B3946FEF772BD02460B46F0
S31500008E5050464946FEF706BC02460B4620463946B2
S31500008E60FEF700BC304621463A465346FEF7FABBAB
S31500008E70304639462A465346FEF7D6BB51EC100B10
S31500008E80FEF78EBFB0EE480AF0EE680A7047594604
S31500008E90FEF74EBD2DE9F8432DED028B55EC104B38
S31500008EA05F4BB0EE408AE843F0EE608A18420ED17E
S31500008EB0B5F1FF3F04DC00F0B7F800F01BF9C8B1CC
S31500008EC02046294622462B46FEF7AEFB9EE0002DA5
S31500008ED008DD281538BB0020ADB96105E50A15384F
S31500008EE00C46F9E725F00040204300F09180B5F1EB
S31500008EF0FF3FEEDC00F098F8BDEC028B01B0BDE858
S31500008F00F04300F039B90021EA0202D401316D00C4
S31500008F10FAE7C1F12002002924FA02F218BF15432C
S31500008F20401A8C4001300121A0F2FF3C61F31F552D
S31500008F3099465FEACC701EBF680040EAD4756400AB
S31500008F40680040EAD4754FF4001000264FF0000880
S31500008F50640060B18119A942DCBF80440E18691A09
S31500008F60B8BF29464008490041EAD475F0E74FF0FA
S31500008F7000474FF0000E0020FFB13918B54212DD50
S31500008F80AD1B00238C4238BF013D002948BF012399
S31500008F90C8190022B0F1FF3FC8BF01221A40BE44E3
S31500008FA01644641A03E002D18C42E9D22E466900C7
S31500008FB041EAD4757F086400DEE754EA050019D05B
S31500008FC0F1EE100A010215D41EF101010AD000F4D7
S31500008FD04000B0F5800F0AD11EF1020E08BF08F15D
S31500008FE0010807E008F101084FF0000E02E00EF05C
S31500008FF00100864409F100410A4A01EACC414FEAE0
S31500009000C87001EB680140EA5E00114441EC180BA0
S3150000901000F00AF8BDEC028B01B0BDE8F08300BF9A
S315000090200000F07F0000E03FB0EE480AF0EE680A6C
S315000090307047D4D4D4D4D4D410B5044651EC100B14
S3150000904040F2FF73C1F30A529A4214D0F2B921F0EA
S315000090500042024315D09FED220B53EC102BFEF776
S3150000906067FC41EC100B224884420BDCC80FBDE8BC
S31500009070104000F051B802460B46FEF7D5FA41EC17
S31500009080100B10BDC1F30A50A0F136024CF251305C
S31500009090844204DA101940F2FF72904204DBC80FD2
S315000090A0BDE8104000F048B8012808DB6FF31E51F8
S315000090B041EA005052EC101B40EC101B10BD10F1A1
S315000090C0360FD3DD36306FF31E5141EA005152ECB4
S315000090D0100B9FED050B53EC102BFEF729FCCEE78A
S315000090E00000000000005043000000000000903C1B
S315000090F0AF3CFFFF51EC100B054A21F00041002860
S3150000910018BF41F001010020914288BF012070473D
S315000091100000F07FD4D4D4D403A1002808BF0831BE
S3150000912091ED000B704700BF0000000000000080BA
S31500009130000000000000000003A1002808BF08315D
S3150000914091ED000B704700BF000000000000F0FF2B
S31500009150000000000000F07F03A1002808BF0831CE
S3150000916091ED000B704700BF000000000000F0FF0B
S31500009170000000000000F07F80B5FFF7BBFF9FED09
S31500009180020B80BD00BF00BF000000000000F87F9A
S315000091904149205468726561640075784372697448
S315000091A06963616C4E657374696E670076517565A7
S315000091B07565416464546F526567697374727900AA
S315000091C02E2E2F72612F6673702F7372632F726D3E
S315000091D05F6672656572746F735F706F72742F70FD
S315000091E06F72742E630076506F7274456E7465727A
S315000091F0437269746963616C00282028202820283E
S3150000920020707844656C617965645461736B4C6950
S31500009210737420292D3E75784E756D6265724F66A2
S315000092204974656D73203D3D202820554261736564
S31500009230547970655F74202920302029203F20282A
S3150000924020282042617365547970655F7420292057
S31500009250312029203A20282028204261736554793C
S3150000926070655F7420292030202920292029007666
S315000092705461736B537769746368436F6E74657872
S315000092807400707578537461636B427566666572B7
S3150000929020213D202828766F69642A293029002E4E
S315000092A02E2F72612F6177732F4672656552544F68
S315000092B0532F4672656552544F532F536F75726321
S315000092C0652F74696D6572732E630075635356431B
S315000092D04E756D626572203C3D203300546D7251AF
S315000092E00078517565756547656E65726963536586
S315000092F06E64002128202820785461736B476574BA
S315000093005363686564756C65725374617465282966
S31500009310203D3D20282028204261736554797065E0
S315000093205F74202920302029202920262620282065
S31500009330785469636B73546F5761697420213D20BB
S31500009340302029202900785175657565476976654D
S3150000935046726F6D495352005F5F4E5649435F47F1
S3150000936065745072696F7269747947726F75706946
S315000093706E672829203C3D202838202D20342920BE
S315000093802D20310070784D757465780075785363BB
S31500009390686564756C657253757370656E64656433
S315000093A0203D3D20300078517565756554616B65CB
S315000093B04D757465785265637572736976650028B4
S315000093C020707851756575652029007078556E6234
S315000093D06C6F636B656454434200707853746174B8
S315000093E069635175657565007848616E646C6500E2
S315000093F0212820282078436F7079506F736974692B
S315000094006F6E203D3D2028202820426173655479E7
S3150000941070655F74202920322029202920262620E5
S315000094202820707851756575652D3E75784C656E8A
S3150000943067746820213D2031202920290070785446
S31500009440696D654F7574007078544342203D3D2028
S31500009450707843757272656E745443420076546137
S31500009460736B5072696F72697479446973696E6857
S3150000947065726974416674657254696D656F757459
S315000094800075785072696F72697479203C202835AE
S3150000949029005769466920546872656164007854EA
S315000094A061736B526573756D65416C6C00765461C2
S315000094B0736B506C6163654F6E4576656E744C696F
S315000094C07374526573747269637465640078546169
S315000094D0736B52656D6F766546726F6D4576656E18
S315000094E0744C6973740070785461736B4275666668
S315000094F0657220213D202828766F69642A29302943
S3150000950000707276496E697469616C6973654E653F
S31500009510775461736B0070785469636B73546F573B
S31500009520616974007852657475726E002828285334
S3150000953043425F54797065202A29202828307845CF
S3150000954030303045303030554C29202B20307830A3
S31500009550443030554C2920292D3E4943535220266C
S3150000956020283078314646554C202929203D3D207B
S3150000957030007853697A65203D3D2073697A656FBE
S3150000958066282051756575655F74202900785175C8
S3150000959065756553656D6170686F726554616B655D
S315000095A000696E660078517565756547656E65720A
S315000095B069634372656174655374617469630078A5
S315000095C05461736B5072696F726974794469736917
S315000095D06E68657269740076506F727453564348AC
S315000095E0616E646C65725F43007578536368656489
S315000095F0756C657253757370656E646564203D3D68
S315000096002031550070784576656E744C6973740028
S315000096107852657475726E20213D2028202D3120E8
S315000096202900785175657565437265617465436F88
S31500009630756E74696E6753656D6170686F72655398
S315000096407461746963007851756575655265636503
S3150000965069766500785461736B496E6372656D65F2
S315000096606E745469636B002E2E2F72612F617773AF
S315000096702F4672656552544F532F46726565525494
S315000096804F532F536F757263652F71756575652E10
S31500009690630028206354784C6F636B202920213D9A
S315000096A02028202820696E74385F742029203132E2
S315000096B03720290070727643726561746553746150
S315000096C07469635461736B00785175657565476994
S315000096D076654D75746578526563757273697665DE
S315000096E0002E2E2F72612F6177732F467265655299
S315000096F0544F532F4672656552544F532F536F750F
S315000097007263652F7461736B732E63007654617395
S315000097106B44656C657465007B2265636F32223A23
S31500009720252E31662C2274766F63223A252E3166F9
S315000097302C22696171223A252E31662C22707265BF
S31500009740645F74766F63223A252E31667D0A007057
S31500009750784E657751756575650021282028202883
S315000097602070764275666665722029203D3D202868
S3150000977028766F69642A2930292029202626202860
S315000097802028207078517565756520292D3E7578DD
S315000097904974656D53697A6520213D20282055421C
S315000097A0617365547970655F7420292030552029CE
S315000097B0202900785461736B436865636B466F724A
S315000097C054696D654F75740076506F727456616C8E
S315000097D06964617465496E746572727570745072ED
S315000097E0696F726974790070785175657565007670
S315000097F05461736B44656C61790070785443422000
S31500009800213D20707843757272656E745443420030
S315000098107852657475726E20213D202820282028F4
S315000098202042617365547970655F74202920302069
S3150000983029202900765461736B506C6163654F6E05
S315000098404576656E744C69737400785175657565F7
S3150000985000765461736B5374617274536368656404
S31500009860756C65720075785363686564756C6572AE
S3150000987053757370656E64656420213D2030550014
S3150000988070785443422D3E75784D757465786573CE
S3150000989048656C640021282028207078517565750C
S315000098A0652D3E706348656164203D3D202828761D
S315000098B06F69642A2930292029202626202820702D
S315000098C07851756575652D3E752E7853656D617099
S315000098D0686F72652E784D75746578486F6C64652F
S315000098E07220213D202828766F69642A2930292094
S315000098F02920290070727650726F63657373526502
S31500009900636569766564436F6D6D616E647300753A
S315000099106C43757272656E745072696F7269747990
S31500009920203E3D2028282828312929203C3C202873
S3150000993038202D2034292929203E3E202838202D64
S315000099402034290078517565756547656E657269BD
S3150000995063526573657400546D7220537663006EAE
S31500009960616E0076506F72744578697443726974DB
S315000099706963616C00707851756575652D3E757803
S315000099804974656D53697A65203D3D2030007854F1
S31500009990696D657243726561746554696D6572546B
S315000099A061736B007578546F705072696F72697469
S315000099B07900212820282070764974656D546F51EE
S315000099C075657565203D3D202828766F69642A29CE
S315000099D03029202920262620282070785175657583
S315000099E0652D3E75784974656D53697A6520213D0C
S315000099F02028205542617365547970655F7420296B
S31500009A0020305520292029007853697A65203D3D6C
S31500009A102073697A656F6628205443425F74202953
S31500009A20002820707854696D65722D3E7854696DF2
S31500009A306572506572696F64496E5469636B732011
S31500009A403E203020290053656E736F722054687271
S31500009A5065616400286E756C6C2900D400000000F6
S31500009A6000D4D4D401040200010100008F100000CC
S31500009A7000000000609A0000A4060020649A00001E
S31500009A80649E0000010300831E01D4D4010000007F
S31500009A90801A0600000000000104DF00010000003B
S31500009AA00000000000000000051600000000000095
S31500009AB0849A0000B40600208C9A00003C9E0000A8
S31500009AC0008000000000000000800000010000008F
S31500009AD0008000000200000000800000030000007B
S31500009AE010400000040000001040000005000000C7
S31500009AF010400000060000001040000008000000B2
S31500009B00008000000E000000008000000F00000032
S31500009B100000000004010000000000000501000034
S31500009B20000C010008010000000000000B0100000D
S31500009B30000C01120C010000000C01120D010000C6
S31500009B40000C01120E010000000000000F010000D1
S31500009B5000000105020200000000010503020000EA
S31500009B6000000000060200000000000007020000DE
S31500009B700000000008020000450C00000A02000078
S31500009B80000C01170B020000000C01170E0200006A
S31500009B90000C010000030000450C00000303000058
S31500009BA0450C000006030000450C000007030000FA
S31500009BB0450C00000B030000400C010700040000E8
S31500009BC0400C0107010400001040000002040000E0
S31500009BD010400000030400001040000004040000D0
S31500009BE0000C011705040000000C01170604000014
S31500009BF0000C011307040000450C000009040000D6
S31500009C00000C01060A040000000C01060B0400000B
S31500009C10000C01060C040000000C01060D040000F7
S31500009C20000000000E040000000000000F04000009
S31500009C30000000000305000000000000050500000C
S31500009C400000000006050000040C000001060000EC
S31500009C50040C000002060000040C000003060000CD
S31500009C60040C0000050600000000000008060000C5
S31500009C70040C000009060000040C00000A0600009F
S31500009C80000000000B060000000C01130F06000088
S31500009C90000C011700070000000C01170107000067
S31500009CA0000C011702070000000C01170307000053
S31500009CB0000C011704070000000C0117050700003F
S31500009CC00000000008070000004000000308000034
S31500009CD00040000004080000000C0113080A000000
S31500009CE044000000C09A00000000000000000000D0
S31500009CF0000000003200000001000000000000002B
S31500009D000000000000000000051600000000000032
S31500009D1000000000FFFFFFFF10000020EC9C000089
S31500009D20280E0020CD0D0000A00E0020149D00007E
S31500009D30249E0000289D0000789A00000000000084
S31500009D402C0000209F020000D1020000280E0020F7
S31500009D50349D0000E49D000000000000870188019A
S31500009D6002008001810182018301D4D40001000038
S31500009D70580000200F00FFFF00000000FFFF00005A
S31500009D8000020000040304040405040600000000A9
S31500009D900000000099030000000000006C9D000018
S31500009DA000000000C1070000E3070000E70700000D
S31500009DB0EB070000EF070000F3070000F9070000BB
S31500009DC05D080000610800006508000069080000E1
S31500009DD06D08000071080000750800007908000091
S31500009DE07D08000081080000C30C0000E10C0000A3
S31500009DF0EF0C00000F0D0000470D00004F0D000096
S31500009E00570D00005F0D0000670D00006F0D00008C
S31500009E10770D00007F0D0000870D0000950D0000F6
S31500009E20AD0D0000E91300000D1400001B14000026
S31500009E301F1400002314000000000000211C000075
S31500009E407F1D00008F1D00009F1D0000C71D000024
S31500009E50D11D0000DF1D0000F71D000002040304F1
S31500009E600404D4D4BB2200003B2300007F2300005F
S31500009E70A7230000B123000000000068000000686E
S31500009E80200100202001002005000000A09E000007
S31500009E9009000000DC9E000002000000789E000021
S31500009EA0000000680000006800010008000000686B
S31500009EB000000068000100082001002020010020A9
S31500009EC0000000033C050020BC1300200000000336
S31500009ED0BC130020BC130020000000030000006833
S31500009EE0000000680000006000010C080000006827
S31500009EF0000000680000007000010908000000680A
S31500009F000000006800000008000102080000006868
S31500009F10000000685C00000000010108000000204D
S31500009F20000000200000006000010C03000000207B
S31500009F30000000200000007000010903000000205E
S31500009F4000000020000000080000020300000020BE
S31500009F50040100205C00000000000103BC13002087
S31500009F60BC13002060010000000001030100020094
S31500009F70080010002000D4D40400000001000000F6
S31500009F803C0000003D0000000000803F0000803FD4
S31500009F900EA2113877AB0240305F0C40C343EB3F53
S31500009FA0BEBEE341C1CB29400000A03F0000000037
S31500009FB09A99993E0000803F000000000000004092
S31500009FC0000040400000803FC25C5A3A6768DA39B8
S31500009FD01DA011390EA21138010000003C0000003E
S31500009FE0B00400008070000000E1000096B5503E0D
S31500009FF0AE22A539A4CC21BEC572D4BC4D49C7BB7F
S3150000A000799EC53BBDD3713E16D825BE0A69513926
S3150000A01099B3923C294B2AC0171CAD3F3F012940FA
S3150000A0204D98283F998A5CBC33D429BD4E70ACBF8D
S3150000A030BBF6BD3DED2422BD2C0836BF906C57BD46
S3150000A04009D4C33DDAAEFDBC35CB4C3DF27A51BEE8
S3150000A05029ED373E0F1BF7BF3BEBB6BDB0BAB8BF15
S3150000A06023C1993F028B91BFEAAFDEBDFC0EC83F0C
S3150000A07055B3C03DC33880BF850AF0BD5B505E4016
S3150000A080DFA21FC07BC6433FA6D606C037A52A401F
S3150000A090A2560EC0416DE03FE444C1BF06309FC0EA
S3150000A0A0FA5A47C04F8D4C3FCDEB623FCF4D993D9D
S3150000A0B048F78CC05BAEF0BE936ACC3E57D1D4BC99
S3150000A0C0032150BF7B4FFDBD7E905B3F94F9A3C13A
S3150000A0D0CD164BC08143D440B3421D403499AEC027
S3150000A0E0BCC486BEC8A00ABF6F098840AD5EB73F34
S3150000A0F01420C0BF094F6B40DC58B2C18B2FE7BE9E
S3150000A100B9EC0B401B33154004EF52C12FC8AD41CB
S3150000A110E1B5FA3ECAFF9EC0459307C17F46A640F9
S3150000A12068CC83408575CB409AB10240356D14C02A
S3150000A130F412E3BFDF24C63FBA8D3A40BFF1C73FF2
S3150000A140A03B36C0249650C0C9C0673FCF5486BFD7
S3150000A150C339A6BD81E3013E5711553BAFF4BE3F5F
S3150000A160A53FCF3F052B1C3FB245D73FDE21173F0A
S3150000A1709F62703F1FEF353FBFA6B8BDC1F87E4056
S3150000A180E7BA2340E4B1F2BF1A1B3DC021E121BF6B
S3150000A190A1440541E1C1ACC09B2520BF0DDB5A405F
S3150000A1A048594BC05B0214BF83BF2BC1F344E7BEC3
S3150000A1B095216D40F0E244C0D63711C114E93E4105
S3150000A1C048C4DF3E49E81B405EE4D2401AA3E3C020
S3150000A1D0C30CEF3FE5A5AAC03823C7BE09771240D6
S3150000A1E04809B23F553CF2C0BEE380BFCA1B3F40A0
S3150000A1F0C4EF794083C36EC0908DE63DFBCDF73F3B
S3150000A2000C8AF940A7ECFD3F5B369C3FD65357C0FE
S3150000A210ABE448C169547340B64187BF7A444041B4
S3150000A220D8C1C53E3DB983C03EA585BFAEEDC3C00E
S3150000A230CFBE5A3F0D67D33D71048F40BCE327C1A3
S3150000A24043E10DBF3EB94E4022A997400A64B5C00E
S3150000A2500BD7393FD3CFD53F0C1DB13DE253E2BFFB
S3150000A260203D8D3F553B28BFF366CDBFECB9474037
S3150000A270B0353B3D8D9F7DBF0B61323FDF66893F29
S3150000A28085AF06BFE27A98400DF395BE83309040C5
S3150000A290884C10C02F0C7FC03D7E133F2618FB4014
S3150000A2A0A80CAFC0D81958408DFCD3C0414539BE63
S3150000A2B04FD53D40447702407DA2C53EA7AD623EE4
S3150000A2C030F9E23FDD90363F71224DBFEEBE8CBDC8
S3150000A2D05B82383F892500BFF51EEC3E4C5887400F
S3150000A2E073628FBEFD5E7240962509C0EFD791C09E
S3150000A2F01A03033E85C2EE40B9769AC0C466204072
S3150000A3008DC7B1C0B821E33DD39854C037CDF9BF4E
S3150000A31090CC18C071FEF0BED2875AC06A11103FA9
S3150000A320CBDFDA3F61486B3F41A397BED193C33E73
S3150000A3309505943FA5A93341532B683E32715E4182
S3150000A340001612C1A43C70C18B5E443FD4D4D4D451
S3150000A35000000000000000000000000000000010E7
S3150000A3600000000000000000B9340332B7F4AD1459
S3150000A37010DB1AB30892540E0D307D951447BA1AA5
S3150000A38066088F4D26ADC66DF598BF85E2B74511B7
S3150000A390CA96853D92BD1DEBFCA11860DCEF5216F6
S3150000A3A03C92AE220BB8C1B4839D2D5B0562DA1CCC
S3150000A3B0304C7E8F4E8BB25B16F4529F8B56A51295
S3150000A3C0FBD4827643ED8AF08FE7F93115651918CB
S3150000A3D050F19BD94A13EEB4284CF0A686C1251F2E
S3150000A3E0035FC270CB9E4916E642889C44EB20145C
S3150000A3F0B0650836AD6EA58585F0CA14E2FD031A70
S3150000A4000B899979D5B13D09D8DA973A35EBCF1052
S3150000A410AC363F5E73BB38CF3E6752FA44AFBA15CF
S3150000A4200100000000000000050000000000000020
S3150000A43019000000000000007D0000000000000080
S3150000A4407102000000000000350C00000000000052
S3150000A450093D0000000000002D3101000000000051
S3150000A460E1F505000000000065CD1D0000000000BC
S3150000A470F902950000000000DD0EE9020000000070
S3150000A480514A8D0E000000009573C248000000007E
S3150000A490E941CC6B010000008D49FD1A0700000060
S3150000A4A0C16FF28623000000C52EBCA2B1000000D9
S3150000A4B0D9E9AC2D780300003D9160E45811000005
S3150000A4C031D6E275BC560000F52E6E4DAEB10100D8
S3150000A4D0C9EA268367780800ED95C28F055A2A00D7
S3150000A4E0A1EDCCCE1BC2D30025A4000A8BCA220440
S3150000A4F00000000000000000000000000000000056
S3150000A50000000040955969595555545515555556ED
S3150000A5100405154110545540455155444045504495
S3150000A52050555545004000404004449665555655E3
S3150000A5304540455451411540559155555555405145
S3150000A54005010000D4D4D4D40100000000000000AE
S3150000A5500000000000000020345065C05FC9A6520C
S3150000A560BB13CBAEC440C21806C8DF7100D5A87CA9
S3150000A570F56F0FDA58FC27136E4756357D24206594
S3150000A58002C7E768E48CA41DE9E60268D7CD396105
S3150000A5907977FCC2405BEF16798CDE43FFA751F951
S3150000A5A091F3B278F5BDBE11E857E9D6E8BEE87B6F
S3150000A5B0B054AC8F848D751BEA23A499E9F9D38B2B
S3150000A5C0B7A3714061DA3E15CEE33ECB73F9480876
S3150000A5D08C97B427D51B7010A2BFEFB9EB85321547
S3150000A5E04DB44DB49BBB6F1996B6076CF8E7EEAD4C
S3150000A5F036D9B4F59135AE13222218AF4E6A684D9E
S3150000A60091DAAA3D4F40741E9FBD9EE006A1C098F8
S3150000A61057C2A7FDA40E90170E7D497173E3208FD4
S3150000A620B220D87605143B12853D7434811343B0AD
S3150000A630AD297A5F27F4351C544554544555050415
S3150000A6400010041014044000000001405555154147
S3150000A6505404000044000100000000404100004492
S3150000A66050444550540055555455655100400040DE
S3150000A67001000001000501001154515154555505C2
S3150000A68000154150000004401001040500000000C0
S3150000A690000000000000000006D0CF43EBFD4C3E5A
S3150000A6A000000000000000000000004003B8E23F88
S3150000A6B0763C7935EF39EA3D763C7935EF39EABDB6
S3150000A6C0000000000000E03F000000000000E0BFC6
S3150000A6D0000000000000F03F000000000000F83F0E
S3150000A6E0000000000200000001000000030000005E
S3150000A6F00000E0FE422EE63F0000E0FE422EE6BFEE
S3150000A70000000406362E342E30004275696C742023
S3150000A710776974682052656E65736173204164764B
S3150000A720616E63656420466C657869626C6520536A
S3150000A7306F667477617265205061636B616765202F
S3130000A74076657273696F6E20362E342E3000E9
S3090100A100FFFFFFFF58
S3090100A200FFFDFFFF59
S3090100A280F8F8FFFFE5
S705000027B122
